code,ch,SEX
L1BBBB,000000000010000,m
L1BBBL,000000000010010,m
L1BBBR,000000000010001,m
L1BBBY,000000000010000,f
L1BBLB,000000000011000,m
L1BBLL,000000000010000,f
L1BBLR,000000000010000,f
L1BBLY,000000000010000,f
L1BBRB,000000000010000,m
L1BBRL,000000000010100,f
L1BBRR,000000000010000,f
L1BBRY,000000000010110,f
L1BBYB,000000000011010,f
L1BBYL,000000000010011,m
L1BBYR,000000000010001,m
L1BBYY,000000000010001,m
L1BLBB,000000000010000,m
L1BLBL,000000000011000,f
L1BLBR,000000000011001,f
L1BLBY,000000000011111,f
L1BLLB,000000000010000,f
L1BLLL,000000000010000,m
L1BLLR,000000000010100,f
L1BLLY,000000000010000,f
L1BLRB,000000000011111,m
L1BLRL,000000000011000,f
L1BLRR,000000000011000,m
L1BLRY,000000000011110,f
L1BLYB,000000000010000,f
L1BLYL,000000000010000,f
L1BLYR,000000000010000,m
L1BLYY,000000000011000,m
L1BRBB,000000000010111,m
L1BRBL,000000000010001,f
L1BRBR,000000000010111,f
L1BRBY,000000000010011,f
L1BRLB,000000000011111,m
L1BRLL,000000000010000,m
L1BRLR,000000000010000,f
L1BRLY,000000000010110,f
L1BRRB,000000000011100,m
L1BRRL,000000000010000,f
L1BRRR,000000000010000,f
L1BRRY,000000000011000,m
L1BRYB,000000000011000,m
L1BRYL,000000000010011,f
L1BRYY,000000000011000,f
L1BYBB,000000000011100,f
L1BYBL,000000000010000,f
L1BYBR,000000000010100,f
L1BYBY,000000000011110,f
L1BYLB,000000000010000,f
L1BYLL,000000000010000,f
L1BYLR,000000000010100,f
L1BYLY,000000000010000,f
L1BYRB,000000000010000,f
L1BYRL,000000000010000,f
L1BYRR,000000000011100,f
L1BYRY,000000000010100,f
L1BYYB,000000000010000,m
L1BYYL,000000000010000,m
L1BYYR,000000000010011,m
L1RLBB,000000000010000,f
L1RLBL,000000000010000,f
L1RLBR,000000000010001,m
L1RLBY,000000000010000,f
L1RLLL,000000000011000,m
L1RLLR,000000000010000,m
L1RLLY,000000000010000,f
L1RLRB,000000000010000,m
L1RLRL,000000000010010,f
L1RLRR,000000000010000,f
L1RLRY,000000000010000,m
L2BBBB,000000000000100,f
L2BBBL,000000000000101,m
L2BBBR,000000000000100,f
L2BBBY,000000000000100,f
L2BBLB,000000000000100,f
L2BBLL,000000000000100,f
L2BBLR,000000000000100,m
L2BBLY,000000000000100,f
L2BBRB,000000000000110,m
L2BBRL,000000000000100,f
L2BBRR,000000000000110,m
L2BBRY,000000000000110,f
L2BBYB,000000000000110,m
L2BBYL,000000000000100,m
L2BBYR,000000000000111,m
L2BBYY,000000000000100,m
L2BLBB,000000000000100,m
L2BLBL,000000000000100,f
L2BLBR,000000000000110,m
L2BLLB,000000000000110,m
L2BLLL,000000000000110,m
L2BLLR,000000000000100,f
L2BLLY,000000000000100,f
L2BLRB,000000000000100,m
L2BLRL,000000000000101,f
L2BLRR,000000000000100,m
L2BLRY,000000000000100,m
L2BLYB,000000000000100,m
L2BLYL,000000000000100,m
L2BLYR,000000000000111,f
L2BLYY,000000000000101,m
L2BRBB,000000000000101,f
L2BRBL,000000000000100,f
L2BRBR,000000000000101,f
L2BRBY,000000000000111,m
L2BRLB,000000000000111,m
L2BRLL,000000000000100,f
L2BRLR,000000000000110,f
L2BRLY,000000000000100,f
L2BRRB,000000000000101,f
L2BRRL,000000000000100,f
L2BRRR,000000000000101,m
L2BRRY,000000000000100,f
L2BRYB,000000000000100,f
L2BRYL,000000000000100,m
L2BRYR,000000000000111,f
L2BRYY,000000000000100,f
L2BYBB,000000000000111,f
L2BYBL,000000000000111,f
L2BYBR,000000000000100,f
L2BYBY,000000000000100,f
L2BYLB,000000000000100,f
L2BYLL,000000000000100,m
L2BYLR,000000000000100,m
L2BYLY,000000000000100,m
L2BYRB,000000000000100,m
L2BYRL,000000000000100,m
L2BYRR,000000000000110,m
L2BYRY,000000000000100,f
L2BYYB,000000000000100,m
L2BYYL,000000000000111,m
L2BYYR,000000000000100,f
L2BYYY,000000000000100,m
L2LBBL,000000000000100,m
L2LBBR,000000000000100,m
L2LBBY,000000000000100,f
L2LLBB,000000000001000,f
L2LLBL,000000000001000,m
L2LLBR,000000000001000,f
L2LLBY,000000000001000,f
L2LLLY,000000000001001,m
L2LLRL,000000000001000,f
L2LLRY,000000000001000,f
L2LRLB,000000000001000,m
L2LRLL,000000000001000,f
L2LRLR,000000000001000,f
L2LRLY,000000000001000,m
L2LRRB,000000000001000,f
L2LRRR,000000000001000,m
L2LRYB,000000000001000,f
L2LRYL,000000000001111,m
L2LRYR,000000000001000,f
L2LRYY,000000000001000,m
L2LYBL,000000000001000,f
L2LYBR,000000000001111,f
L2LYBY,000000000001000,f
L2LYLB,000000000000100,f
L2LYLL,000000000000100,f
L2LYLR,000000000000100,m
L2LYLY,000000000000100,m
L2LYRB,000000000001100,f
L2LYRL,000000000001000,f
L2LYRR,000000000001000,m
L2LYRY,000000000001000,m
L2LYYB,000000000000100,m
L2LYYL,000000000000100,m
L2LYYR,000000000000111,m
L2LYYY,000000000000100,m
L2RBBB,000000000001110,f
L2RBBL,000000000001101,m
L2RBBR,000000000001001,m
L2RBBY,000000000001000,f
L2RBLB,000000000001000,m
L2RBLL,000000000001000,f
L2RBLR,000000000001000,f
L2RBLY,000000000001010,f
L2RBRB,000000000001100,f
L2RBRL,000000000001000,f
L2RBRR,000000000001110,f
L2RBRY,000000000001010,m
L2RBYB,000000000001000,m
L2RBYL,000000000001000,m
L2RBYR,000000000001010,m
L2RBYY,000000000001100,m
L2RLBB,000000000000100,m
L2RLBL,000000000000100,m
L2RLBR,000000000000100,m
L2RLBY,000000000000100,m
L2RLLB,000000000000100,m
L2RLLL,000000000000100,f
L2RLLR,000000000000100,m
L2RLLY,000000000000100,m
L2RLRB,000000000000100,m
L2RLRL,000000000000100,m
L2RLRR,000000000000100,m
L2RLRY,000000000000100,m
L2RLYB,000000000001000,f
L2RLYL,000000000001000,m
L2RLYR,000000000001100,f
L2RLYY,000000000001000,f
L2RRBB,000000000001000,m
L2RRBL,000000000001111,f
L2RRBR,000000000001100,f
L2RRBY,000000000001000,m
L2RRLB,000000000001000,f
L2RRLL,000000000001000,f
L2RRLR,000000000001000,f
L2RRLY,000000000001000,m
L2RRRB,000000000001111,f
L2RRRL,000000000001100,m
L2RRRR,000000000001000,f
L2RRRY,000000000001110,f
L2RRYB,000000000001101,m
L2RRYL,000000000001000,f
L2RRYR,000000000001000,f
L2RRYY,000000000001000,f
L2RYBL,000000000001100,f
L2RYBR,000000000001010,f
L2RYBY,000000000001000,m
L2RYLL,000000000001110,m
L2RYLR,000000000001010,f
L2RYLY,000000000001110,m
L2RYRB,000000000001100,f
L2RYRL,000000000001000,f
L2RYRR,000000000001000,m
L2RYRY,000000000001100,m
L2RYYB,000000000001100,f
L2RYYL,000000000001000,f
L2RYYR,000000000001000,f
L2RYYY,000000000001111,m
L3BBBL,000000000100000,f
L3BBBR,000000000100000,f
L3BBBY,000000000100000,f
L3BBLB,000000000100000,f
L3BBLL,000000000110101,f
L3BBLR,000000000100000,m
L3BBLY,000000000100000,m
L3BBRB,000000000110111,m
L3BBRL,000000000100000,f
L3BBRR,000000000110000,f
L3BBRY,000000000110000,f
L3BBYB,000000000100000,m
L3BBYL,000000000100000,m
L3BBYR,000000000111111,f
L3BBYY,000000000100000,m
L3BLBB,000000000100100,f
L3BLBL,000000000100010,f
L3BLBR,000000000111001,f
L3BLBY,000000000100110,m
L3BLLB,000000000110000,f
L3BLLL,000000000110100,f
L3BLLR,000000000101000,m
L3BLLY,000000000100100,f
L3BLRB,000000000111001,f
L3BLRL,000000000100000,f
L3BLRR,000000000100000,m
L3BLRY,000000000100000,m
L3BLYB,000000000101000,f
L3BLYL,000000000100110,f
L3BLYR,000000000110100,m
L3BLYY,000000000100011,f
L3BRBL,000000000100000,m
L3BRBR,000000000110101,f
L3BRBY,000000000110000,m
L3BRLB,000000000111100,m
L3BRLL,000000000100000,f
L3BRLR,000000000101000,f
L3BRLY,000000000101000,f
L3BRRB,000000000111000,f
L3BRRL,000000000100000,f
L3BRRR,000000000110000,f
L3BRRY,000000000111010,m
L3BRYB,000000000110000,f
L3BRYL,000000000111011,f
L3BRYR,000000000101000,m
L3BRYY,000000000100100,m
L3BYBB,000000000100100,f
L3BYBL,000000000101110,f
L3BYBR,000000000100000,m
L3BYBY,000000000101010,m
L3BYLB,000000000110000,f
L3BYLL,000000000111110,f
L3BYLR,000000000100000,m
L3BYLY,000000000100000,f
L3BYRB,000000000100000,f
L3BYRL,000000000100000,f
L3BYRY,000000000100000,f
L3BYYB,000000000100000,m
L3BYYL,000000000100001,f
L3BYYR,000000000100001,f
L3BYYY,000000000100000,f
L3LBBB,000000000100000,f
L3LBBL,000000000100001,f
L3LBBR,000000000110011,f
L3LBBY,000000000100010,f
L3LBLB,000000000110000,f
L3LBLL,000000000100000,f
L3LBLR,000000000110100,f
L3LBLY,000000000100000,f
L3LBRB,000000000110001,f
L3LBRL,000000000100001,f
L3LBRR,000000000110000,f
L3LBRY,000000000100000,m
L3LBYB,000000000100010,f
L3LBYL,000000000100000,f
L3LBYR,000000000110000,f
L3LBYY,000000000100000,f
L3LLBB,000000000100010,m
L3LLBL,000000000111111,m
L3LLBR,000000000100000,f
L3LLBY,000000000111100,m
L3LLLB,000000000110110,f
L3LLLL,000000000110101,f
L3LLLR,000000000110000,f
L3LLLY,000000000100000,f
L3LLRB,000000000101111,f
L3LLRL,000000000101000,f
L3LLRR,000000000110100,f
L3LLRY,000000000100000,f
L3LLYB,000000000110011,m
L3LLYL,000000000100001,f
L3LLYR,000000000110110,f
L3LLYY,000000000110000,m
L3LRBB,000000000110010,f
L3LRBL,000000000111101,f
L3LRBR,000000000100000,f
L3LRBY,000000000100000,f
L3LRLB,000000000100001,f
L3LRLL,000000000100000,f
L3LRLR,000000000100100,f
L3LRLY,000000000100010,f
L3LRRB,000000000111100,f
L3LRRL,000000000100000,f
L3LRRR,000000000100000,m
L3LRRY,000000000100000,f
L3LRYB,000000000100000,f
L3LRYL,000000000110100,f
L3LRYR,000000000110011,f
L3LRYY,000000000100000,f
L3LYBB,000000000100000,f
L3LYBL,000000000110000,f
L3LYBR,000000000100000,f
L3LYBY,000000000100000,f
L3LYLB,000000000100000,f
L3LYLL,000000000101000,f
L3LYLR,000000000100000,f
L3LYLY,000000000100000,m
L3LYRB,000000000100000,f
L3LYRL,000000000110000,f
L3LYRR,000000000110010,f
L3LYRY,000000000110100,f
L3LYYB,000000000100000,f
L3LYYL,000000000100000,m
L3LYYR,000000000111011,f
L3LYYY,000000000100000,m
L3RBBB,000000000110000,m
L3RBBL,000000000110010,m
L3RBBR,000000000110010,f
L3RBBY,000000000110111,m
L3RBLB,000000000111111,f
L3RBLL,000000000100000,f
L3RBLR,000000000111011,f
L3RBLY,000000000100111,f
L3RBRL,000000000110010,m
L3RBRR,000000000111000,f
L3RBRY,000000000111000,m
L3RBYB,000000000110100,f
L3RBYL,000000000100000,m
L3RBYR,000000000111110,f
L3RLBB,000000000100000,m
L3RLBL,000000000110111,f
L3RLBR,000000000100000,f
L3RLBY,000000000100000,f
L3RLLB,000000000110111,f
L3RLLL,000000000110001,f
L3RLLR,000000000100001,f
L3RLLY,000000000100010,f
L3RLRB,000000000100111,f
L3RLRL,000000000100000,m
L3RLRR,000000000101100,m
L3RLRY,000000000110000,f
L3RLYB,000000000100000,m
L3RLYL,000000000100000,m
L3RLYR,000000000100000,f
L3RLYY,000000000110100,f
L3RRBB,000000000110000,f
L3RRBL,000000000100000,m
L3RRBR,000000000100000,f
L3RRBY,000000000110000,f
L3RRLB,000000000100000,f
L3RRLL,000000000100000,f
L3RRLR,000000000111100,f
L3RRLY,000000000100010,f
L3RRRB,000000000110000,f
L3RRRL,000000000100000,f
L3RRRR,000000000111000,f
L3RRRY,000000000100100,f
L3RRYB,000000000100000,f
L3RRYL,000000000100000,f
L3RRYR,000000000100000,m
L3RRYY,000000000110000,f
L3RYBB,000000000100100,f
L3RYBL,000000000100000,f
L3RYBR,000000000101011,f
L3RYBY,000000000100100,f
L3RYLB,000000000100000,m
L3RYLL,000000000100100,m
L3RYLR,000000000100000,f
L3RYLY,000000000111101,m
L3RYRB,000000000100000,m
L3RYRL,000000000100000,f
L3RYRR,000000000101001,m
L3RYRY,000000000100100,f
L3RYYB,000000000100000,m
L3RYYL,000000000100000,m
L3RYYR,000000000100000,m
L3RYYY,000000000100000,m
L3YBBB,000000000110000,f
L3YBBL,000000000110111,f
L3YBBR,000000000111000,f
L3YBBY,000000000100100,f
L3YBLB,000000000110001,m
L3YBLL,000000000110101,f
L3YBLR,000000000100010,f
L3YBLY,000000000100000,f
L3YBRB,000000000100100,f
L3YBRL,000000000100000,f
L3YBRR,000000000100011,f
L3YBRY,000000000110011,f
L3YBYB,000000000110111,f
L3YBYL,000000000111011,f
L3YBYR,000000000100101,f
L3YBYY,000000000101111,f
L3YLBB,000000000100000,f
L3YLBL,000000000110000,f
L3YLBR,000000000110110,f
L3YLBY,000000000100000,f
L3YLLB,000000000100001,f
L3YLLL,000000000100000,m
L3YLLR,000000000100001,f
L3YLLY,000000000100001,f
L3YLRB,000000000100000,f
L3YLRL,000000000110010,m
L3YLRR,000000000111001,f
L3YLRY,000000000100010,f
L3YLYB,000000000100000,m
L3YLYL,000000000100000,m
L3YLYR,000000000100001,f
L3YLYY,000000000100000,m
L3YRBB,000000000100000,f
L3YRBL,000000000100000,m
L3YRBR,000000000110000,f
L3YRBY,000000000100000,f
L3YRLB,000000000111100,f
L3YRLL,000000000110000,f
L3YRLR,000000000101011,f
L3YRLY,000000000100000,m
L3YRRB,000000000100011,f
L3YRRL,000000000100000,f
L3YRRR,000000000110000,m
L3YRRY,000000000100000,m
L3YRYB,000000000111011,f
L3YRYL,000000000100000,f
L3YRYR,000000000110110,f
L3YRYY,000000000100000,f
L3YYBB,000000000100100,f
L3YYBL,000000000111010,f
L3YYBR,000000000110011,f
L3YYLB,000000000110000,f
L3YYLL,000000000100000,f
L3YYLR,000000000110010,f
L3YYLY,000000000100001,f
L3YYRB,000000000100000,f
L3YYRL,000000000110000,f
L3YYRR,000000000110001,f
L3YYRY,000000000100100,f
L3YYYB,000000000110100,f
L3YYYL,000000000100000,f
L3YYYR,000000000110001,m
L3YYYY,000000000110111,f
L4BBBB,000000000010000,m
L4BBBL,000000000010000,m
L4BBBR,000000000010000,f
L4BBBY,000000000010000,f
L4BBLB,000000000010100,f
L4BBLL,000000000010100,f
L4BBLR,000000000010000,f
L4BBLY,000000000010000,f
L4BBRB,000000000010000,f
L4BBRL,000000000010000,m
L4BBRR,000000000011011,f
L4BBRY,000000000010011,m
L4BBYB,000000000010000,m
L4BBYL,000000000010000,f
L4BBYR,000000000011001,f
L4BBYY,000000000010000,f
L4BLBL,000000000010010,f
L4BLBR,000000000011110,m
L4BLBY,000000000010001,f
L4BLLB,000000000010111,f
L4BLLL,000000000010001,f
L4BLLR,000000000010000,f
L4BLLY,000000000011110,f
L4BLRB,000000000010000,f
L4BLRL,000000000010000,f
L4BLRR,000000000011000,f
L4BLRY,000000000010000,m
L4BLYB,000000000011000,f
L4BLYL,000000000011101,f
L4BLYR,000000000010000,f
L4BLYY,000000000011011,m
L4BRLB,000000000001000,f
L4BRLL,000000000001001,f
L4BRLR,000000000001010,m
L4BRYB,000000000001000,f
L4BRYL,000000000001111,m
L4BRYR,000000000001100,f
L4BYBB,000000000010100,f
L4BYBL,000000000010000,m
L4BYBR,000000000010001,m
L4BYBY,000000000011001,f
L4BYLB,000000000010000,m
L4BYLL,000000000010111,m
L4BYLR,000000000010111,m
L4BYLY,000000000010100,f
L4BYRB,000000000011100,f
L4BYRL,000000000010000,m
L4BYRR,000000000010000,m
L4BYRY,000000000010000,f
L4BYYB,000000000010000,f
L4BYYL,000000000010100,m
L4BYYR,000000000010000,f
L4BYYY,000000000010100,f
L4LBBB,000000000101000,m
L4LBBL,000000000101000,f
L4LBBY,000000000100000,f
L4LBLB,000000000100010,f
L4LBLL,000000000101111,f
L4LBLR,000000000111100,f
L4LBLY,000000000111011,f
L4LBRB,000000000101000,f
L4LBRL,000000000100110,m
L4LBRR,000000000111000,f
L4LBRY,000000000100100,m
L4LBYB,000000000100000,f
L4LBYR,000000000100100,f
L4LBYY,000000000100000,f
L4LLBB,000000000100000,m
L4LLBL,000000000100000,f
L4LLBR,000000000111000,f
L4LLBY,000000000110000,f
L4LLLB,000000000100000,m
L4LLLL,000000000100000,f
L4LLLR,000000000100000,m
L4LLLY,000000000101111,f
L4LLRL,000000000100000,m
L4LLRR,000000000101000,f
L4LLRY,000000000100011,m
L4LLYL,000000000101100,f
L4LLYR,000000000101000,m
L4LLYY,000000000100010,m
L4LRBB,000000000100000,m
L4LRBL,000000000100000,f
L4LRBR,000000000101000,f
L4LRBY,000000000100000,f
L4LRLB,000000000101110,f
L4LRLL,000000000100000,f
L4LRLR,000000000100000,m
L4LRLY,000000000111011,f
L4LRRB,000000000101110,m
L4LRRL,000000000110000,f
L4LRRR,000000000110000,m
L4LRRY,000000000101000,m
L4LRYB,000000000101101,f
L4LRYL,000000000100000,m
L4LRYR,000000000101111,m
L4LRYY,000000000100000,f
L4LYBR,000000000010001,f
L4LYLB,000000000100010,f
L4LYLL,000000000101100,f
L4LYLR,000000000101010,m
L4LYLY,000000000100000,m
L4LYYB,000000000101000,f
L4LYYL,000000000100000,f
L4LYYR,000000000100000,m
L4LYYY,000000000100001,m
L4RBLL,000000000010000,m
L4RBLR,000000000010000,m
L4RBYB,000000000010100,f
L4RBYL,000000000010000,f
L4RBYY,000000000011000,f
L4RLBB,000000000010110,m
L4RLBL,000000000010001,f
L4RLBR,000000000010101,f
L4RLBY,000000000010000,m
L4RLLB,000000000010100,m
L4RLLL,000000000010000,f
L4RLLR,000000000010010,f
L4RLLY,000000000010000,m
L4RLRB,000000000010001,f
L4RLRL,000000000011000,f
L4RLRR,000000000010000,f
L4RLRY,000000000010001,f
L4RLYB,000000000011000,m
L4RLYL,000000000010000,m
L4RLYR,000000000010000,m
L4RLYY,000000000010000,m
L4RRBB,000000000011100,m
L4RRBL,000000000010000,f
L4RRBR,000000000010100,f
L4RRBY,000000000010000,m
L4RRLB,000000000010000,f
L4RRLL,000000000010000,m
L4RRLR,000000000010000,f
L4RRLY,000000000010001,f
L4RRRB,000000000011000,f
L4RRRL,000000000010001,f
L4RRRR,000000000010000,f
L4RRRY,000000000010100,m
L4RRYB,000000000011000,f
L4RRYL,000000000011100,m
L4RRYR,000000000010001,m
L4RRYY,000000000010100,m
L4YBBB,000000000110000,f
L4YBBL,000000000100001,m
L4YBBR,000000000100000,f
L4YBBY,000000000100000,f
L4YBLB,000000000111111,f
L4YBLL,000000000111110,f
L4YBLR,000000000110000,m
L4YBLY,000000000100100,f
L4YBRB,000000000111011,f
L4YBRL,000000000100000,m
L4YBRR,000000000101100,f
L4YBRY,000000000110110,m
L4YBYB,000000000101000,f
L4YBYL,000000000100000,f
L4YBYR,000000000100000,m
L4YBYY,000000000100100,f
L4YLBB,000000000100000,f
L4YLBL,000000000100001,f
L4YLBR,000000000111100,f
L4YLBY,000000000100001,f
L4YLLB,000000000101000,f
L4YLLL,000000000100100,f
L4YLLR,000000000100000,f
L4YLLY,000000000100000,m
L4YLRB,000000000100000,m
L4YLRY,000000000100000,f
L4YLYB,000000000111000,m
L4YLYL,000000000100000,f
L4YLYR,000000000100000,m
L4YLYY,000000000100010,f
L4YRBB,000000000110100,f
L4YRBL,000000000101000,f
L4YRBR,000000000100101,f
L4YRBY,000000000101000,f
L4YRLB,000000000100000,m
L4YRLL,000000000100000,f
L4YRLR,000000000100100,f
L4YRRB,000000000111011,m
L4YRRL,000000000100101,f
L4YRRR,000000000100000,f
L4YRRY,000000000100000,f
L4YRYL,000000000111000,f
L4YRYR,000000000110000,f
L4YRYY,000000000100000,f
L4YYBB,000000000100000,m
L4YYBL,000000000100000,f
L4YYBR,000000000111110,m
L4YYBY,000000000111111,f
L4YYLB,000000000100101,f
L4YYLL,000000000110010,f
L4YYLR,000000000110100,f
L4YYLY,000000000100101,f
L4YYRB,000000000100000,f
L4YYRL,000000000110000,f
L4YYRR,000000000101000,f
L4YYRY,000000000101000,m
L4YYYB,000000000101110,f
L4YYYL,000000000100000,m
L4YYYR,000000000100000,f
L4YYYY,000000000111000,f
L5BBBB,000000000011000,f
L5BBBL,000000000011001,m
L5BBBR,000000000010000,f
L5BBBY,000000000011000,m
L5BBLB,000000000011000,f
L5BBLL,000000000010100,m
L5BBLR,000000000010100,f
L5BBLY,000000000010111,f
L5BBRB,000000000010000,f
L5BBRL,000000000010000,f
L5BBRR,000000000010010,f
L5BBRY,000000000010000,f
L5BBYB,000000000010000,f
L5BBYL,000000000011010,f
L5BBYR,000000000011111,f
L5BBYY,000000000010100,f
L5BLBB,000000000010000,m
L5BLBL,000000000010000,f
L5BLBR,000000000011000,f
L5BLBY,000000000010000,m
L5BLLB,000000000010010,f
L5BLLL,000000000010000,f
L5BLLR,000000000010000,m
L5BLLY,000000000010000,m
L5BLRB,000000000010010,f
L5BLRL,000000000011110,f
L5BLRR,000000000010010,f
L5BLRY,000000000011101,f
L5BLYB,000000000010000,f
L5BLYL,000000000011110,f
L5BLYR,000000000010001,f
L5BRLL,000000000010000,m
L5BRYB,000000000010000,f
L5BRYL,000000000011001,m
L5BRYR,000000000011000,m
L5BRYY,000000000010000,f
L5BYBB,000000000011111,f
L5BYBL,000000000011001,f
L5BYBY,000000000010111,m
L5BYLB,000000000011100,f
L5BYLL,000000000010000,m
L5BYLR,000000000011000,f
L5BYLY,000000000010000,m
L5BYRB,000000000011111,f
L5BYRL,000000000011100,f
L5BYRR,000000000010101,f
L5BYRY,000000000010001,f
L5BYYB,000000000011000,f
L5BYYL,000000000011000,f
L5BYYR,000000000010100,f
L5BYYY,000000000010000,m
L5LBBB,000000000010010,f
L5LBBL,000000000010000,f
L5LBBR,000000000010001,f
L5LBBY,000000000010000,f
L5LBLB,000000000010000,f
L5LBLL,000000000010100,f
L5LBLR,000000000010000,m
L5LBLY,000000000010000,f
L5LBRB,000000000010101,f
L5LBRL,000000000011000,m
L5LBRR,000000000011011,f
L5LBRY,000000000010000,f
L5LBYB,000000000010010,m
L5LBYL,000000000010010,f
L5LBYR,000000000010000,f
L5LBYY,000000000010101,m
L5LLBB,000000000010000,m
L5LLBL,000000000010000,f
L5LLBR,000000000010100,m
L5LLBY,000000000011000,f
L5LLLB,000000000011111,f
L5LLLL,000000000010000,f
L5LLLR,000000000010000,f
L5LLLY,000000000010010,f
L5LLRB,000000000010010,f
L5LLRL,000000000010000,f
L5LLRR,000000000010011,m
L5LLRY,000000000010000,f
L5LLYB,000000000010001,f
L5LLYL,000000000010000,f
L5LLYR,000000000011001,m
L5LLYY,000000000010001,f
L5LRBB,000000000011101,f
L5LRBL,000000000010011,f
L5LRBR,000000000010000,f
L5LRBY,000000000010100,m
L5LRLB,000000000010000,f
L5LRLL,000000000011100,m
L5LRLR,000000000010000,f
L5LRLY,000000000010000,f
L5LRRB,000000000010000,m
L5LRRL,000000000011100,f
L5LRRR,000000000010000,f
L5LRRY,000000000010010,m
L5LRYB,000000000010000,m
L5LRYL,000000000011000,f
L5LRYR,000000000010000,f
L5LRYY,000000000011111,f
L5LYBL,000000000010001,m
L5LYBR,000000000010110,f
L5LYBY,000000000010001,m
L5LYLB,000000000010101,f
L5LYLL,000000000011011,m
L5LYLR,000000000010111,f
L5LYRL,000000000010000,f
L5LYYB,000000000010000,m
L5LYYL,000000000010000,f
L5LYYR,000000000010000,m
L5LYYY,000000000010000,f
L5RBBB,000000000010100,f
L5RBBL,000000000011010,m
L5RBBR,000000000011000,m
L5RBBY,000000000010000,m
L5RBLB,000000000010000,f
L5RBLL,000000000010001,f
L5RBLR,000000000011110,f
L5RBLY,000000000011111,m
L5RBRB,000000000010000,f
L5RBRL,000000000010000,f
L5RBRR,000000000010010,f
L5RBRY,000000000011011,f
L5RBYB,000000000010111,f
L5RBYL,000000000010001,f
L5RBYR,000000000011101,f
L5RBYY,000000000010001,m
L5RLBB,000000000010000,f
L5RLBL,000000000010000,f
L5RLBR,000000000010000,m
L5RLBY,000000000010101,m
L5RLLB,000000000010000,f
L5RLLL,000000000010000,m
L5RLLR,000000000010100,f
L5RLLY,000000000010000,f
L5RLRB,000000000010000,f
L5RLRL,000000000010000,f
L5RLRR,000000000011010,f
L5RLRY,000000000010000,f
L5RLYB,000000000010011,f
L5RLYL,000000000010000,f
L5RLYR,000000000011010,f
L5RLYY,000000000010001,m
L5RRBB,000000000010000,f
L5RRBL,000000000010000,m
L5RRBR,000000000010000,m
L5RRBY,000000000010001,f
L5RRLB,000000000010011,f
L5RRLL,000000000011000,f
L5RRLR,000000000010000,f
L5RRLY,000000000010001,f
L5RRRB,000000000011000,f
L5RRRL,000000000010010,f
L5RRRR,000000000010011,f
L5RRRY,000000000010110,m
L5RRYB,000000000010010,f
L5RRYL,000000000010000,f
L5RRYR,000000000010000,f
L5RRYY,000000000010100,f
L5RYBB,000000000010100,m
L5RYBL,000000000010000,m
L5RYBR,000000000010000,f
L5RYBY,000000000011010,m
L5RYLB,000000000010000,m
L5RYLL,000000000010110,f
L5RYLR,000000000010000,m
L5RYLY,000000000010000,m
L5RYRB,000000000010100,m
L5RYRL,000000000010101,f
L5RYRR,000000000010100,f
L5RYRY,000000000010000,f
L5RYYB,000000000010000,m
L5RYYL,000000000010100,f
L5RYYR,000000000010000,f
L5RYYY,000000000010000,f
L5YBBB,000000000010010,f
L5YBBL,000000000010000,m
L5YBBR,000000000010000,f
L5YBBY,000000000010000,m
L5YBLL,000000000010000,f
L5YBLY,000000000010000,f
L5YBRB,000000000010100,f
L5YBRL,000000000010000,f
L5YBRR,000000000010000,f
L5YBRY,000000000010101,f
L5YBYB,000000000010010,f
L5YBYR,000000000010000,f
L5YBYY,000000000010011,m
L5YLBB,000000000010000,m
L5YLBL,000000000010000,f
L5YLBR,000000000010111,f
L5YLBY,000000000010001,f
L5YLLB,000000000010000,f
L5YLLL,000000000010011,m
L5YLLR,000000000011000,f
L5YLLY,000000000010010,f
L5YLRB,000000000011000,f
L5YLRL,000000000010010,f
L5YLRR,000000000010000,m
L5YLRY,000000000010110,f
L5YLYB,000000000010000,f
L5YLYL,000000000011101,f
L5YLYR,000000000011000,f
L5YRBB,000000000010001,m
L5YRBL,000000000010010,m
L5YRBR,000000000010001,f
L5YRBY,000000000011000,m
L5YRLB,000000000011111,f
L5YRLL,000000000010000,m
L5YRLR,000000000010000,f
L5YRLY,000000000010100,f
L5YRRB,000000000010001,f
L5YRRL,000000000010001,f
L5YRRR,000000000010000,m
L5YRRY,000000000011110,m
L5YRYB,000000000010000,f
L5YRYL,000000000010111,f
L5YRYR,000000000010000,f
L5YRYY,000000000010011,f
L5YYBB,000000000010000,m
L5YYBL,000000000010111,f
L5YYBR,000000000010000,m
L5YYBY,000000000010011,f
L5YYLB,000000000010000,f
L5YYLL,000000000011111,f
L5YYLR,000000000010100,m
L5YYLY,000000000010111,f
L5YYRB,000000000010100,f
L5YYRL,000000000010101,f
L5YYRR,000000000010000,m
L5YYRY,000000000010001,f
L5YYYB,000000000010000,m
L5YYYL,000000000010000,f
L5YYYR,000000000010000,m
L5YYYY,000000000010000,f
L6BLBB,000000000000100,m
L6BLBL,000000000000100,f
L6BLBR,000000000000101,f
L6BLBY,000000000000110,f
L6BLRB,000000000000110,f
L6BLRL,000000000000100,f
L6BLRY,000000000000100,m
L6BRBB,000000000000100,m
L6BRBL,000000000000100,f
L6BRBR,000000000000101,f
L6BRBY,000000000000100,f
L6BRLB,000000000000100,f
L6BRLL,000000000000110,m
L6BRLR,000000000000100,f
L6BRLY,000000000000100,f
L6BRRB,000000000000100,m
L6BRRL,000000000000100,m
L6BRRR,000000000000111,m
L6BRRY,000000000000100,f
L6BRYB,000000000000100,m
L6BRYL,000000000000100,m
L6BRYR,000000000000100,m
L6BRYY,000000000000100,f
L7BLBB,000000000000101,f
L7BLBL,000000000000111,f
L7BLBR,000000000000111,m
L7BLBY,000000000000100,m
L7BLLB,000000000000100,m
L7BLLL,000000000000111,f
L7BLLR,000000000000100,m
L7BLLY,000000000000100,f
L7BLRB,000000000000111,f
L7BLRL,000000000000100,m
L7BLRR,000000000000110,f
L7BLRY,000000000000101,m
L7BLYB,000000000000100,m
L7BLYL,000000000000100,f
L7BLYR,000000000000101,f
L7BLYY,000000000000100,f
L7BRBB,000000000000110,f
L7BRBL,000000000000100,f
L7BRBR,000000000000110,f
L7BRBY,000000000000101,m
L7BRLB,000000000000100,f
L7BRLL,000000000000100,m
L7BRLR,000000000000100,m
L7BRLY,000000000000111,f
L7BRRB,000000000000110,f
L7BRRL,000000000000100,m
L7BRRR,000000000000100,f
L7BRRY,000000000000100,f
L7BRYB,000000000000100,f
L7BRYL,000000000000101,f
L7BRYR,000000000000100,f
L7BRYY,000000000000100,f
L7BYBB,000000000000100,m
L7BYBL,000000000000111,m
L7BYBR,000000000000110,m
L7BYBY,000000000000100,f
L7BYLB,000000000000100,m
L7BYLL,000000000000100,f
L7BYLR,000000000000100,f
L7BYLY,000000000000100,m
L7BYRB,000000000000100,f
L7BYRL,000000000000110,f
L7BYRR,000000000000100,m
L7BYRY,000000000000110,m
L7BYYB,000000000000100,m
L7BYYR,000000000000100,m
L7LBBB,000000000001000,f
L7LBBL,000000000001010,m
L7LBBR,000000000001101,f
L7LBBY,000000000001000,m
L7LBLB,000000000001100,f
L7LBLL,000000000001101,m
L7LBLR,000000000001000,f
L7LBLY,000000000001000,f
L7LBRB,000000000001010,f
L7LBRL,000000000001111,m
L7LBRR,000000000001000,f
L7LBYB,000000000001111,m
L7LBYL,000000000001010,m
L7LBYR,000000000001000,m
L7LBYY,000000000001100,f
L7LLBB,000000000001000,f
L7LLBL,000000000001000,f
L7LLBR,000000000001000,f
L7LLBY,000000000001001,f
L7LLLB,000000000001100,f
L7LLLL,000000000001000,m
L7LLLR,000000000001000,m
L7LLLY,000000000001011,f
L7LLRB,000000000001001,m
L7LLRL,000000000001000,f
L7LLRR,000000000001101,m
L7LLRY,000000000001001,f
L7LLYB,000000000001000,m
L7LLYL,000000000001001,m
L7LLYR,000000000001011,m
L7LLYY,000000000001111,f
L7LRBB,000000000001000,m
L7LRBL,000000000001000,m
L7LRBR,000000000001001,f
L7LRBY,000000000001000,f
L7LRLB,000000000001000,f
L7LRLL,000000000001010,f
L7LRLR,000000000001000,m
L7LRLY,000000000001010,f
L7LRRB,000000000001100,m
L7LRRL,000000000001000,f
L7LRRR,000000000001001,m
L7LRRY,000000000001000,f
L7LRYB,000000000001100,m
L7LRYL,000000000001001,f
L7LRYR,000000000001001,f
L7LRYY,000000000001001,f
L7LYBB,000000000001000,f
L7LYBL,000000000001000,f
L7LYBR,000000000001010,m
L7LYBY,000000000001011,f
L7LYLB,000000000001100,m
L7LYLL,000000000001000,f
L7LYLR,000000000001000,m
L7LYLY,000000000001100,f
L7LYRB,000000000001110,f
L7LYRL,000000000001100,f
L7LYRR,000000000001001,f
L7LYRY,000000000001010,f
L7LYYB,000000000001110,f
L7LYYL,000000000001100,m
L7LYYR,000000000001000,f
L7LYYY,000000000001000,f
L7RBBB,000000000001101,f
L7RBBL,000000000001000,f
L7RBBR,000000000001000,f
L7RBBY,000000000001011,f
L7RBLB,000000000001111,m
L7RBLL,000000000001000,f
L7RBLR,000000000001000,f
L7RBLY,000000000001011,f
L7RBRB,000000000001001,f
L7RBRL,000000000001001,f
L7RBRR,000000000001000,f
L7RBRY,000000000001110,f
L7RBYB,000000000001001,f
L7RBYL,000000000001010,m
L7RBYR,000000000001011,f
L7RBYY,000000000001000,f
L7RLYB,000000000001111,f
L7RLYL,000000000001110,m
L7RLYR,000000000001111,m
L7RLYY,000000000001111,f
L7RRBB,000000000001011,f
L7RRBL,000000000001000,f
L7RRBR,000000000001011,f
L7RRBY,000000000001100,f
L7RRLB,000000000001111,f
L7RRLL,000000000001101,f
L7RRLR,000000000001010,f
L7RRLY,000000000001111,f
L7RRRB,000000000001000,m
L7RRRL,000000000001000,f
L7RRRR,000000000001000,f
L7RRRY,000000000001100,f
L7RRYB,000000000001000,f
L7RRYL,000000000001111,f
L7RRYR,000000000001011,m
L7RRYY,000000000001000,m
L7RYBB,000000000001111,f
L7RYBL,000000000001000,m
L7RYBR,000000000001011,f
L7RYBY,000000000001101,f
L7RYLB,000000000001111,m
L7RYLL,000000000001101,m
L7RYLR,000000000001010,m
L7RYLY,000000000001111,f
L7RYRB,000000000001111,f
L7RYRL,000000000001000,f
L7RYRR,000000000001000,m
L7RYRY,000000000001100,f
L7RYYB,000000000001000,f
L7RYYL,000000000001010,f
L7RYYR,000000000001100,f
L7RYYY,000000000001000,f
L7YBBB,000000000001001,f
L7YBBL,000000000001001,m
L7YBBR,000000000001000,m
L7YBBY,000000000001011,f
L7YBLB,000000000001000,m
L7YBLR,000000000001100,m
L7YBLY,000000000001000,m
L7YBRB,000000000001000,f
L7YBRL,000000000001000,f
L7YBRR,000000000001110,m
L7YBYL,000000000001011,f
L7YBYY,000000000001010,f
L7YLBB,000000000001011,f
L7YLBL,000000000001010,f
L7YLBR,000000000001000,f
L7YLBY,000000000001000,f
L7YLLB,000000000001010,m
L7YLLL,000000000001111,m
L7YLLR,000000000001000,m
L7YLLY,000000000001111,m
L7YLRB,000000000001111,f
L7YLRL,000000000001110,f
L7YLRR,000000000001000,f
L7YLRY,000000000001011,f
L7YLYB,000000000001000,f
L7YLYL,000000000001000,m
L7YLYR,000000000001000,f
L7YLYY,000000000001110,m
L7YRBB,000000000001001,f
L7YRBL,000000000001111,m
L7YRBR,000000000001010,f
L7YRBY,000000000001100,f
L7YRLB,000000000001111,m
L7YRLL,000000000001000,f
L7YRLR,000000000001001,m
L7YRLY,000000000001000,m
L7YRRB,000000000001001,f
L7YRRL,000000000001100,f
L7YRRR,000000000001000,f
L7YRRY,000000000001000,f
L7YRYB,000000000001001,f
L7YRYL,000000000001100,f
L7YRYR,000000000001000,f
L7YRYY,000000000001000,f
L7YYBB,000000000001000,m
L7YYBL,000000000001000,f
L7YYBR,000000000001100,m
L7YYBY,000000000001001,f
L7YYLB,000000000001111,m
L7YYLL,000000000001010,m
L7YYLR,000000000001111,m
L7YYLY,000000000001000,f
L7YYRB,000000000001100,m
L7YYRL,000000000001111,f
L7YYRR,000000000001100,f
L7YYRY,000000000001000,f
L7YYYB,000000000001000,m
L7YYYL,000000000001101,f
L7YYYR,000000000001100,f
L7YYYY,000000000001010,f
L8BBBB,000000000000111,m
L8BBBL,000000000000111,m
L8BBBR,000000000000110,f
L8BBBY,000000000000100,f
L8BBLB,000000000000100,f
L8BBLL,000000000000100,f
L8BBLR,000000000000111,m
L8BBLY,000000000000101,f
L8BBRB,000000000000111,f
L8BBRL,000000000000111,f
L8BBRR,000000000000101,f
L8BBRY,000000000000111,f
L8BBYB,000000000000100,f
L8BBYL,000000000000101,m
L8BBYR,000000000000101,f
L8BBYY,000000000000100,m
L8BLBB,000000000000110,f
L8BLBL,000000000000111,f
L8BLBR,000000000000111,m
L8BLBY,000000000000100,m
L8BLLB,000000000000100,f
L8BLLL,000000000000100,m
L8BLLR,000000000000101,f
L8BLLY,000000000000110,f
L8BLRB,000000000000111,f
L8BLRL,000000000000101,f
L8BLRR,000000000000100,f
L8BLRY,000000000000110,f
L8BLYB,000000000000100,f
L8BLYL,000000000000101,m
L8BLYR,000000000000101,f
L8BLYY,000000000000101,f
L8BRBB,000000000000110,m
L8BRBL,000000000000101,m
L8BRBR,000000000000111,f
L8BRBY,000000000000101,f
L8BRLB,000000000000100,m
L8BRLL,000000000000101,f
L8BRLR,000000000000100,m
L8BRLY,000000000000100,m
L8BRRB,000000000000100,f
L8BRRL,000000000000100,f
L8BRRR,000000000000100,f
L8BRRY,000000000000110,f
L8BRYB,000000000000100,f
L8BRYL,000000000000100,f
L8BRYR,000000000000111,f
L8BRYY,000000000000101,f
L8BYBB,000000000000100,m
L8BYBL,000000000000100,f
L8BYBR,000000000000100,f
L8BYBY,000000000000100,m
L8BYLB,000000000000100,m
L8BYLL,000000000000110,m
L8BYLR,000000000000101,f
L8BYLY,000000000000100,m
L8BYRB,000000000000100,m
L8BYRL,000000000000101,f
L8BYRR,000000000000100,f
L8BYRY,000000000000110,f
L8BYYB,000000000000100,f
L8BYYL,000000000000100,f
L8BYYR,000000000000101,f
L8BYYY,000000000000111,m
L8LYBB,000000000000100,m
L8LYBL,000000000000110,f
L8LYBR,000000000000100,f
L8LYBY,000000000000111,f
L8LYRB,000000000000100,f
L8LYRL,000000000000100,m
L8LYRY,000000000000100,f
L8RBBB,000000000000101,f
L8RBBL,000000000000100,f
L8RBBR,000000000000101,m
L8RBBY,000000000000101,f
L8RBLB,000000000000111,m
L8RBLL,000000000000101,m
L8RBLR,000000000000100,f
L8RBLY,000000000000100,f
L8RBRB,000000000000100,f
L8RBRL,000000000000110,m
L8RBRR,000000000000100,f
L8RBRY,000000000000110,m
L8RBYB,000000000000111,f
L8RBYL,000000000000100,m
L8RBYY,000000000000100,f
L8RLBB,000000000000100,m
L8RLBL,000000000000100,m
L8RLBR,000000000000100,m
L8RLBY,000000000000100,m
L8RLLB,000000000000111,m
L8RLLL,000000000000100,m
L8RLLR,000000000000100,m
L8RLLY,000000000000111,m
L8RLRB,000000000000111,m
L8RLRL,000000000000101,f
L8RLRR,000000000000101,m
L8RLRY,000000000000110,f
L8RLYB,000000000000100,f
L8RLYL,000000000000100,f
L8RLYR,000000000000111,f
L8RLYY,000000000000100,m
L8RRBB,000000000000111,f
L8RRBL,000000000000111,m
L8RRBR,000000000000101,f
L8RRBY,000000000000100,m
L8RRLB,000000000000100,m
L8RRLL,000000000000111,m
L8RRLR,000000000000100,f
L8RRLY,000000000000100,f
L8RRRB,000000000000111,f
L8RRRL,000000000000110,f
L8RRRR,000000000000100,f
L8RRRY,000000000000100,f
L8RRYB,000000000000110,f
L8RRYL,000000000000100,m
L8RRYR,000000000000101,f
L8RRYY,000000000000110,f
L8RYBB,000000000000100,m
L8RYBR,000000000000101,m
L8RYBY,000000000000110,f
L8RYLL,000000000000100,f
L8RYLY,000000000000100,f
L8RYRB,000000000000101,m
L8RYRL,000000000000111,m
L8RYRR,000000000000100,m
L8RYRY,000000000000101,f
L8RYYB,000000000000100,m
L8RYYL,000000000000100,f
L8RYYR,000000000000101,f
L8RYYY,000000000000100,m
N1NRGG,000000000000100,f
N1NRGN,000000000000100,f
N1NRGP,000000000000110,f
N1NRGR,000000000000101,f
N1NRGY,000000000000101,f
N1NRNG,000000000000100,m
N1NRNN,000000000000110,f
N1NRNP,000000000000111,m
N1NRNR,000000000000100,f
N1NRPN,000000000000110,f
N1NRPY,000000000000100,f
N1NRRG,000000000000100,f
N1NRRN,000000000000101,f
N1NRRP,000000000000110,f
N1NRRR,000000000000100,f
N1NRRY,000000000000101,f
N1NRYG,000000000000100,m
N1NRYN,000000000000100,f
N1NRYP,000000000000100,f
N1NRYR,000000000000101,m
N1NRYY,000000000000100,f
N1YNGG,000000000000100,f
N1YNGN,000000000000111,f
N1YNGP,000000000000110,m
N1YNGR,000000000000101,m
N1YNGY,000000000000100,f
N1YNNG,000000000000100,f
N1YNNN,000000000000111,f
N1YNNP,000000000000100,f
N1YNNR,000000000000111,f
N1YNNY,000000000000110,m
N1YNPG,000000000000111,m
N1YNPN,000000000000100,f
N1YNPP,000000000000110,f
N1YNPR,000000000000110,f
N1YNPY,000000000000100,f
N1YNRG,000000000000100,m
N1YNRN,000000000000101,f
N1YNRP,000000000000100,f
N1YNRR,000000000000100,f
N1YNRY,000000000000100,f
N1YNYG,000000000000100,m
N1YNYN,000000000000100,m
N1YNYP,000000000000100,m
N1YNYR,000000000000100,f
N1YNYY,000000000000100,f
N1YRGG,000000000000110,f
N1YRGN,000000000000111,f
N1YRGP,000000000000111,f
N1YRGR,000000000000101,m
N1YRGY,000000000000100,m
N1YRNG,000000000000100,f
N1YRNN,000000000000100,f
N1YRNP,000000000000100,m
N1YRNR,000000000000100,f
N1YRNY,000000000000100,f
N1YRPG,000000000000111,f
N1YRPN,000000000000100,f
N1YRPP,000000000000100,f
N1YRPR,000000000000100,m
N1YRPY,000000000000100,f
N1YRRG,000000000000111,m
N1YRRN,000000000000111,f
N1YRRP,000000000000110,m
N1YRRR,000000000000100,f
N1YRRY,000000000000100,f
N1YRYG,000000000000100,m
N1YRYN,000000000000100,f
N1YRYP,000000000000100,m
N1YRYR,000000000000110,f
N1YRYY,000000000000101,m
N1YYNG,000000000000011,m
N1YYNN,000000000000010,f
N1YYNR,000000000000011,m
N1YYNY,000000000000011,f
N1YYYG,000000000000010,m
N1YYYN,000000000000011,f
N1YYYP,000000000000010,f
N1YYYR,000000000000010,m
N3GPGG,000000000000100,f
N3GPGN,000000000000100,m
N3GPGP,000000000000100,f
N3GPGR,000000000000101,f
N3GPGY,000000000000100,f
N3GPNN,000000000000110,m
N3GPNP,000000000000101,f
N3GPNR,000000000000100,m
N3GPNY,000000000000111,m
N3GPPG,000000000000100,m
N3GPPN,000000000000100,f
N3GPPP,000000000000100,m
N3GPPR,000000000000101,f
N3GPPY,000000000000101,f
N3GPRG,000000000000100,m
N3GPRN,000000000000111,f
N3GPRP,000000000000100,m
N3GPRR,000000000000111,f
N3GPRY,000000000000100,f
N3GPYG,000000000000100,m
N3GPYN,000000000000111,f
N3GPYP,000000000000101,m
N3GPYR,000000000000101,f
N3GPYY,000000000000111,m
N3RGGG,000000000000111,f
N3RGGN,000000000000100,m
N3RGGP,000000000000111,f
N3RGGR,000000000000111,f
N3RGGY,000000000000101,m
N3RGNG,000000000000100,m
N3RGNN,000000000000110,m
N3RGNP,000000000000100,m
N3RGNR,000000000000101,m
N3RGNY,000000000000101,f
N3RGPG,000000000000110,f
N3RGPN,000000000000101,f
N3RGPP,000000000000111,m
N3RGPR,000000000000101,f
N3RGPY,000000000000110,m
N3RGRG,000000000000110,m
N3RGRN,000000000000100,m
N3RGRP,000000000000100,f
N3RGRR,000000000000110,f
N3RGRY,000000000000100,f
N3RGYG,000000000000101,f
N3RGYN,000000000000111,m
N3RGYP,000000000000101,f
N3RGYR,000000000000110,m
N3RGYY,000000000000110,f
N3RPGG,000000000000100,m
N3RPGN,000000000000111,f
N3RPGP,000000000000100,f
N3RPGR,000000000000100,m
N3RPGY,000000000000101,f
N3RPNG,000000000000101,m
N3RPNN,000000000000100,f
N3RPNP,000000000000100,f
N3RPNR,000000000000101,f
N3RPNY,000000000000100,f
N3RPPG,000000000000100,f
N3RPPN,000000000000100,f
N3RPPP,000000000000100,m
N3RPPR,000000000000100,f
N3RPPY,000000000000111,f
N3RPRG,000000000000100,m
N3RPRP,000000000000111,m
N3RPRR,000000000000100,f
N3RPRY,000000000000100,f
N3RPYG,000000000000100,m
N3RPYN,000000000000100,m
N3RPYP,000000000000111,m
N3RPYR,000000000000111,f
N3RPYY,000000000000111,f
N5GGGG,000000000000010,m
N5GGGN,000000000000011,m
N5GGGP,000000000000011,f
N5GGGR,000000000000010,m
N5GGGY,000000000000010,m
N5GGNG,000000000000010,m
N5GGNN,000000000000010,m
N5GGNP,000000000000010,m
N5GGNR,000000000000010,f
N5GGNY,000000000000011,m
N5GGPG,000000000000010,m
N5GGPN,000000000000010,m
N5GGPP,000000000000010,m
N5GGPR,000000000000010,m
N5GGPY,000000000000010,f
N5GGRG,000000000000010,m
N5GGRN,000000000000010,m
N5GGRP,000000000000011,m
N5GGRR,000000000000010,f
N5GGRY,000000000000010,f
N5GGYG,000000000000011,m
N5GGYN,000000000000010,f
N5GGYP,000000000000010,m
N5GGYR,000000000000010,f
N5GGYY,000000000000010,m
N5GNGG,000000000000010,m
N5GNGN,000000000000010,f
N5GNGP,000000000000010,m
N5GNGR,000000000000010,m
N5GNGY,000000000000011,m
N5GNNG,000000000000010,f
N5GNNN,000000000000010,f
N5GNNP,000000000000010,m
N5GNNR,000000000000011,m
N5GNNY,000000000000010,f
N5GNPG,000000000000010,m
N5GNPN,000000000000010,m
N5GNPP,000000000000011,m
N5GNPR,000000000000010,m
N5GNPY,000000000000010,f
N5GNRN,000000000000011,m
N5GNRP,000000000000010,f
N5GNRR,000000000000010,m
N5GNRY,000000000000010,m
N5GNYG,000000000000010,f
N5GNYN,000000000000010,f
N5GNYP,000000000000010,f
N5GNYR,000000000000010,m
N5GNYY,000000000000010,m
N5GPGG,000000000000011,m
N5GPGN,000000000000010,f
N5GPGP,000000000000011,m
N5GPGR,000000000000010,f
N5GPGY,000000000000010,f
N5GPNG,000000000000010,f
N5GPNN,000000000000010,f
N5GPNP,000000000000011,f
N5GPNR,000000000000010,f
N5GPNY,000000000000010,m
N5GPPG,000000000000011,m
N5GPPN,000000000000011,m
N5GPPP,000000000000010,m
N5GPPR,000000000000011,m
N5GPPY,000000000000010,f
N5GPRG,000000000000010,f
N5GPRN,000000000000011,m
N5GPRP,000000000000010,f
N5GPRR,000000000000010,m
N5GPRY,000000000000010,f
N5GPYG,000000000000010,m
N5GPYN,000000000000011,m
N5GPYP,000000000000011,f
N5GPYR,000000000000010,m
N5GPYY,000000000000011,f
N5GRGG,000000000000010,m
N5GRGN,000000000000010,m
N5GRGP,000000000000011,m
N5GRGR,000000000000010,m
N5GRGY,000000000000010,m
N5GRNG,000000000000010,m
N5GRNN,000000000000010,m
N5GRNP,000000000000010,m
N5GRNR,000000000000010,m
N5GRNY,000000000000010,m
N5GRPG,000000000000011,m
N5GRPN,000000000000010,f
N5GRPP,000000000000011,m
N5GRPR,000000000000010,m
N5GRPY,000000000000011,m
N5GRRG,000000000000010,m
N5GRRN,000000000000010,m
N5GRRP,000000000000010,m
N5GRRR,000000000000010,m
N5GRRY,000000000000010,m
N5GRYG,000000000000010,m
N5GRYN,000000000000010,m
N5GRYP,000000000000010,m
N5GRYR,000000000000011,m
N5GRYY,000000000000010,m
N5GYGG,000000000000010,m
N5GYGN,000000000000010,f
N5GYGP,000000000000010,f
N5GYGR,000000000000010,f
N5GYGY,000000000000010,f
N5GYNG,000000000000010,f
N5GYNN,000000000000011,m
N5GYNP,000000000000010,m
N5GYNR,000000000000011,m
N5GYNY,000000000000010,m
N5GYPG,000000000000010,m
N5GYPN,000000000000010,f
N5GYPP,000000000000011,f
N5GYPR,000000000000010,m
N5GYPY,000000000000010,m
N5GYRG,000000000000011,m
N5GYRN,000000000000011,m
N5GYRP,000000000000010,m
N5GYRR,000000000000010,m
N5GYRY,000000000000010,f
N5GYYG,000000000000010,m
N5GYYN,000000000000011,m
N5GYYP,000000000000010,m
N5GYYR,000000000000010,m
N5GYYY,000000000000010,m
N5NYNN,000000000000001,f
N5NYNP,000000000000001,f
N5NYNR,000000000000001,f
N5NYNY,000000000000001,m
N5NYRG,000000000000001,f
N5NYRN,000000000000001,m
N5NYRP,000000000000001,m
N5NYRR,000000000000001,m
N5NYRY,000000000000001,f
N5NYYG,000000000000001,m
N5NYYN,000000000000001,f
N5NYYP,000000000000001,m
N5NYYR,000000000000001,f
N5NYYY,000000000000001,m
N5PNGG,000000000000011,m
N5PNGN,000000000000010,f
N5PNGP,000000000000010,m
N5PNGR,000000000000010,f
N5PNGY,000000000000011,f
N5PNNG,000000000000010,m
N5PNNN,000000000000010,m
N5PNNP,000000000000010,f
N5PNNR,000000000000011,f
N5PNNY,000000000000010,f
N5PNPG,000000000000010,f
N5PNPN,000000000000010,m
N5PNPP,000000000000010,m
N5PNRG,000000000000010,f
N5PNRN,000000000000010,f
N5PNRP,000000000000010,f
N5PNRR,000000000000010,m
N5PNRY,000000000000010,m
N5PNYN,000000000000011,m
N5PNYP,000000000000010,f
N5PNYR,000000000000010,f
N5PNYY,000000000000011,f
N5PRNG,000000000000001,m
N5PRNN,000000000000001,m
N5PRNR,000000000000001,m
N5PRNY,000000000000001,f
N5PRPP,000000000000001,f
N5PRRP,000000000000001,f
N5PRRY,000000000000001,f
N5PRYG,000000000000001,m
N5PRYN,000000000000001,m
N5PRYP,000000000000001,f
N5PRYR,000000000000001,m
N5PRYY,000000000000001,f
N5PYGG,000000000000011,m
N5PYGN,000000000000011,m
N5PYGP,000000000000011,f
N5PYGR,000000000000010,m
N5PYGY,000000000000010,m
N5PYNG,000000000000011,f
N5PYNN,000000000000010,m
N5PYNP,000000000000010,f
N5PYNR,000000000000011,f
N5PYNY,000000000000010,f
N5PYPG,000000000000010,m
N5PYPN,000000000000011,f
N5PYPP,000000000000010,f
N5PYPR,000000000000010,m
N5PYPY,000000000000010,m
N5PYRG,000000000000010,m
N5PYRN,000000000000010,m
N5PYRP,000000000000011,f
N5PYRR,000000000000010,m
N5PYRY,000000000000010,f
N5PYYG,000000000000011,m
N5PYYN,000000000000011,m
N5PYYP,000000000000010,m
N5PYYR,000000000000010,m
N5PYYY,000000000000010,m
N5RGGG,000000000000010,f
N5RGGN,000000000000010,m
N5RGGP,000000000000010,m
N5RGGR,000000000000010,m
N5RGGY,000000000000010,m
N5RGNG,000000000000010,m
N5RGNN,000000000000010,m
N5RGNP,000000000000010,m
N5RGNR,000000000000011,f
N5RGNY,000000000000010,f
N5RGPG,000000000000010,m
N5RGPN,000000000000010,m
N5RGPP,000000000000010,f
N5RGPR,000000000000010,m
N5RGPY,000000000000010,m
N5RGRG,000000000000010,m
N5RGRN,000000000000010,f
N5RGRP,000000000000010,m
N5RGRR,000000000000010,f
N5RGRY,000000000000010,m
N5RGYG,000000000000011,m
N5RGYN,000000000000010,m
N5RGYP,000000000000011,m
N5RGYR,000000000000011,m
N5RGYY,000000000000010,m
N5RNGG,000000000000011,m
N5RNGN,000000000000010,m
N5RNGP,000000000000010,f
N5RNGR,000000000000010,m
N5RNGY,000000000000010,m
N5RNNG,000000000000010,m
N5RNNN,000000000000011,m
N5RNNP,000000000000010,m
N5RNNR,000000000000010,m
N5RNNY,000000000000011,f
N5RNPG,000000000000010,m
N5RNPN,000000000000010,m
N5RNPP,000000000000011,m
N5RNPR,000000000000010,m
N5RNPY,000000000000010,f
N5RNRG,000000000000010,m
N5RNRN,000000000000010,m
N5RNRR,000000000000011,f
N5RNRY,000000000000011,m
N5RNYG,000000000000010,m
N5RNYN,000000000000010,m
N5RNYP,000000000000010,m
N5RNYR,000000000000010,m
N5RNYY,000000000000011,f
N5RPGG,000000000000010,m
N5RPGN,000000000000010,m
N5RPGP,000000000000010,m
N5RPGR,000000000000010,m
N5RPGY,000000000000010,m
N5RPNG,000000000000010,f
N5RPNN,000000000000010,f
N5RPNP,000000000000010,m
N5RPNR,000000000000011,f
N5RPNY,000000000000010,m
N5RPPG,000000000000011,m
N5RPPN,000000000000010,f
N5RPPP,000000000000011,f
N5RPPR,000000000000011,m
N5RPPY,000000000000010,m
N5RPRG,000000000000010,m
N5RPRN,000000000000010,m
N5RPRP,000000000000010,m
N5RPRR,000000000000010,m
N5RPRY,000000000000011,m
N5RPYG,000000000000010,m
N5RPYN,000000000000010,m
N5RPYP,000000000000010,m
N5RPYR,000000000000010,m
N5RPYY,000000000000011,m
N5RRGG,000000000000011,m
N5RRGN,000000000000011,m
N5RRGP,000000000000010,m
N5RRGR,000000000000010,m
N5RRGY,000000000000011,m
N5RRNG,000000000000010,m
N5RRNN,000000000000010,f
N5RRNP,000000000000010,m
N5RRNR,000000000000010,m
N5RRNY,000000000000011,m
N5RRPG,000000000000010,m
N5RRPN,000000000000010,f
N5RRPP,000000000000010,m
N5RRPR,000000000000010,f
N5RRPY,000000000000011,m
N5RRRG,000000000000010,m
N5RRRN,000000000000010,m
N5RRRP,000000000000011,f
N5RRRR,000000000000010,m
N5RRRY,000000000000010,m
N5RRYG,000000000000010,m
N5RRYN,000000000000010,m
N5RRYP,000000000000010,m
N5RRYR,000000000000010,m
N5RRYY,000000000000010,m
N5RYGG,000000000000010,f
N5RYGN,000000000000011,f
N5RYGP,000000000000010,m
N5RYGR,000000000000010,f
N5RYGY,000000000000010,m
N5RYNG,000000000000010,m
N5RYNN,000000000000010,m
N5RYNP,000000000000010,m
N5RYNR,000000000000010,m
N5RYNY,000000000000010,f
N5RYPG,000000000000010,f
N5RYPN,000000000000010,m
N5RYPP,000000000000010,f
N5RYPR,000000000000010,m
N5RYPY,000000000000010,m
N5RYRG,000000000000010,f
N5RYRN,000000000000010,m
N5RYRP,000000000000010,m
N5RYRR,000000000000011,m
N5RYRY,000000000000011,m
N5RYYG,000000000000011,m
N5RYYN,000000000000010,m
N5RYYP,000000000000010,m
N5RYYR,000000000000010,m
N5RYYY,000000000000010,m
N5YGGG,000000000000010,f
N5YGGN,000000000000010,f
N5YGGP,000000000000010,m
N5YGGR,000000000000010,f
N5YGGY,000000000000011,m
N5YGNG,000000000000011,f
N5YGNN,000000000000011,m
N5YGNP,000000000000010,m
N5YGNR,000000000000010,f
N5YGNY,000000000000010,m
N5YGPY,000000000000011,m
N5YGRG,000000000000010,f
N5YGRN,000000000000010,m
N5YGRP,000000000000011,f
N5YGRY,000000000000010,m
N5YGYG,000000000000010,f
N5YGYN,000000000000011,m
N5YGYP,000000000000011,m
N5YGYR,000000000000011,m
N5YGYY,000000000000010,f
N5YNGG,000000000000010,f
N5YNGN,000000000000010,m
N5YNGP,000000000000011,f
N5YNGR,000000000000010,f
N5YNGY,000000000000010,m
N5YNNG,000000000000010,f
N5YNNN,000000000000010,m
N5YNNP,000000000000010,m
N5YNNR,000000000000010,f
N5YNNY,000000000000010,m
N5YNPG,000000000000010,m
N5YNPN,000000000000011,m
N5YNPP,000000000000011,f
N5YNPR,000000000000011,f
N5YNPY,000000000000011,f
N5YNRG,000000000000010,m
N5YNRN,000000000000010,m
N5YNRP,000000000000011,m
N5YNRR,000000000000010,m
N5YNRY,000000000000010,m
N5YNYG,000000000000011,m
N5YNYN,000000000000010,m
N5YNYP,000000000000010,f
N5YNYR,000000000000010,m
N5YNYY,000000000000010,f
N5YPGG,000000000000001,f
N5YPGN,000000000000001,m
N5YPGP,000000000000001,m
N5YPGR,000000000000001,m
N5YPGY,000000000000001,m
N5YPNG,000000000000001,m
N5YPNP,000000000000001,m
N5YPNR,000000000000001,m
N5YPNY,000000000000001,f
N5YPPG,000000000000001,f
N5YPPN,000000000000001,f
N5YPPP,000000000000001,m
N5YPPR,000000000000001,m
N5YPPY,000000000000001,f
N5YPRG,000000000000001,m
N5YPRN,000000000000001,f
N5YPRP,000000000000001,m
N5YPRR,000000000000001,m
N5YPRY,000000000000001,m
N5YPYG,000000000000001,f
N5YPYN,000000000000001,m
N5YPYP,000000000000001,f
N5YPYR,000000000000001,m
N5YPYY,000000000000001,m
N5YRGG,000000000000010,m
N5YRGN,000000000000010,f
N5YRGP,000000000000010,m
N5YRGR,000000000000011,f
N5YRGY,000000000000010,m
N5YRNG,000000000000010,m
N5YRNN,000000000000010,m
N5YRNP,000000000000010,f
N5YRNR,000000000000011,m
N5YRNY,000000000000011,m
N5YRPG,000000000000011,m
N5YRPN,000000000000010,f
N5YRPP,000000000000011,m
N5YRPR,000000000000010,m
N5YRPY,000000000000010,m
N5YRRG,000000000000010,f
N5YRRN,000000000000011,f
N5YRRP,000000000000010,f
N5YRRR,000000000000010,m
N5YRRY,000000000000010,m
N5YRYG,000000000000011,m
N5YRYN,000000000000011,f
N5YRYP,000000000000011,m
N5YRYR,000000000000010,m
N5YRYY,000000000000011,m
N5YYGG,000000000000010,m
N5YYGN,000000000000010,f
N5YYGP,000000000000010,m
N5YYGR,000000000000010,m
N5YYNG,000000000000010,m
N5YYNN,000000000000011,m
N5YYNP,000000000000010,m
N5YYNR,000000000000011,m
N5YYNY,000000000000010,f
N5YYPG,000000000000010,f
N5YYPN,000000000000010,f
N5YYPP,000000000000010,f
N5YYPR,000000000000010,f
N5YYPY,000000000000010,m
N5YYRG,000000000000010,m
N5YYRN,000000000000011,m
N5YYRP,000000000000010,f
N5YYRR,000000000000010,f
N5YYYG,000000000000011,m
N5YYYN,000000000000011,m
N5YYYP,000000000000010,f
N5YYYR,000000000000010,f
N5YYYY,000000000000010,f
N6PPYY,000000000000010,m
R1BBBB,000010000110100,f
R1BBBR,000010000000000,f
R1BBBW,000010000000000,f
R1BBBY,000010100000000,f
R1BBRW,000010000000000,f
R1BBRY,000010000000000,f
R1BBWB,000010000000000,f
R1BBWR,000011000000000,f
R1BBYB,000010000000000,f
R1BBYR,000010000000000,m
R1BBYW,000010000000000,f
R1BBYY,000011010100011,m
R1BRBR,000000010000000,m
R1RBBB,000010001000000,m
R1RBBR,000011000000100,f
R1RBBW,000011000000000,f
R1RBBY,000011000110011,f
R1RBRR,000011011111110,f
R1RBRW,000010000000000,m
R1RBRY,000010001000000,f
R1RBWB,000011000000000,m
R1RBWR,000010100000000,f
R1RBWW,000010000010000,f
R1RBWY,000011110000000,f
R1RBYB,000010000000000,m
R1RBYR,000010000000000,m
R1RBYW,000010010000000,f
R1RBYY,000011000000000,f
R1RRBW,000010000000000,m
R1RRBY,000010001000000,f
R1RRRB,000010010110010,f
R1RRRW,000010011111101,m
R1RRRY,000011010000000,m
R1RRWB,000010001010000,f
R1RRWR,000010001110110,f
R1RRWW,000010000000000,f
R1RRWY,000011000000000,m
R1RRYB,000010000000000,m
R1RRYR,000010000000000,m
R1RRYW,000010000000010,f
R1RRYY,000011001010000,f
R1RWBB,000011000000000,f
R1RWBW,000011000100010,m
R1RWBY,000011000000000,f
R1RWRB,000010010000000,f
R1RWRR,000011000100000,f
R1RWRW,000011000000000,f
R1RWRY,000010000001000,f
R1RWWB,000010000000000,f
R1RWWW,000010000010000,f
R1RWWY,000010000000000,m
R1RWYB,000011000100000,f
R1RWYW,000010010000000,f
R1RWYY,000010010000000,m
R1RYBR,000010010000100,f
R1RYBW,000010000000010,f
R1RYBY,000010110010001,f
R1RYRB,000010010100000,m
R1RYRR,000010110000000,f
R1RYRW,000011000000000,f
R1RYRY,000011011110000,m
R1RYWR,000010011100111,m
R1RYWW,000010010110001,f
R1RYWY,000011000100000,f
R1RYYB,000010010000000,f
R1RYYR,000010000000000,f
R1RYYW,000011000000000,m
R1RYYY,000011110110000,f
R1WBBB,000011011000000,f
R1WBBR,000010000000000,f
R1WBBW,000010000010000,f
R1WBBY,000010000000001,f
R1WBRB,000011000000000,f
R1WBRR,000010000000000,f
R1WBRW,000010010000000,m
R1WBRY,000010000000000,m
R1WBWB,000011000000000,f
R1WBWR,000010000000000,f
R1WBWW,000010000000000,f
R1WBWY,000010000000000,m
R1WBYB,000011000000000,m
R1WBYR,000011010000000,m
R1WBYW,000011100000000,m
R1WBYY,000010000000000,f
R1WRBR,000010000100000,f
R1WRBY,000010000000000,f
R1WRRB,000011000000000,m
R1WRRR,000010000000010,m
R1WRRW,000011010000000,f
R1WRRY,000011011000111,f
R1WRWB,000010000000010,m
R1WRWR,000010000011000,m
R1WRWW,000010000000000,m
R1WRWY,000010000000000,m
R1WRYB,000011000000000,f
R1WRYR,000010000110000,f
R1WRYW,000010000000000,f
R1WRYY,000011000000100,m
R1WWBB,000011010111000,f
R1WWBR,000010010000000,f
R1WWBW,000010000000000,f
R1WWBY,000010000000000,m
R1WWRB,000010000000000,f
R1WWRR,000010000000100,f
R1WWRW,000010000000000,m
R1WWRY,000011000000000,f
R1WWWB,000010000000000,m
R1WWWR,000010000001000,f
R1WWWW,000010000000000,m
R1WWWY,000010010000000,f
R1WWYB,000010000000000,f
R1WWYR,000011000000000,m
R1WWYW,000010000000100,f
R1WWYY,000010000000000,f
R1WYBB,000010010010000,m
R1WYBR,000010000000000,f
R1WYBY,000011000000000,f
R1WYRB,000011010000000,m
R1WYRR,000010000000001,f
R1WYRW,000011011110111,f
R1WYRY,000011010100000,f
R1WYWB,000010000000000,m
R1WYWR,000010000000000,f
R1WYWW,000010000000000,f
R1WYYB,000011010000000,f
R1WYYR,000011001100000,m
R1WYYW,000011110111101,m
R1YBBB,000010010000000,f
R1YBBR,000010000000000,f
R1YBBW,000010000000000,m
R1YBRB,000011000000000,m
R1YBRR,000010000100000,f
R1YBRW,000011010001000,m
R1YBRY,000011000100100,m
R1YBWR,000010000000000,f
R1YBWW,000011000001110,f
R1YBWY,000010000000000,f
R1YBYW,000011011000000,f
R1YBYY,000010010010000,f
R1YRBB,000011100000000,m
R1YRBR,000010000000000,f
R1YRBW,000010000000000,m
R1YRBY,000011110100000,m
R1YRRB,000010011100010,f
R1YRRR,000011010000000,f
R1YRRY,000011000000000,f
R1YRWB,000010001001110,m
R1YRWR,000011110110000,m
R1YRWW,000010000000000,f
R1YRWY,000010000000000,f
R1YRYB,000010100000001,m
R1YRYR,000010000001000,m
R1YRYW,000010000000000,f
R1YRYY,000011011110000,f
R1YWBB,000011111100011,m
R1YWBR,000011000000000,f
R1YWBW,000011000000001,f
R1YWBY,000011000000000,m
R1YWRB,000010000000100,m
R1YWRR,000010000000000,m
R1YWRW,000010010000001,f
R1YWRY,000010001100101,f
R1YWWB,000011000000000,m
R1YWWR,000011000000010,m
R1YWWW,000010111000000,f
R1YWWY,000011110110111,m
R1YWYB,000011100000000,f
R1YWYR,000010000000000,f
R1YWYW,000010010100000,m
R1YWYY,000011010010001,f
R1YYBB,000010010010111,m
R1YYBR,000010010100000,f
R1YYBW,000011001010000,f
R1YYBY,000010110011000,m
R1YYRB,000011011000100,m
R1YYRR,000010010000010,f
R1YYRW,000010001100000,f
R1YYRY,000010010100000,f
R1YYWB,000010000000000,f
R1YYWY,000010100000000,m
R1YYYB,000011001000000,f
R1YYYR,000011011111011,f
R1YYYW,000010000000100,m
R1YYYY,000010000000000,f
R2BRBW,000000011010000,f
R2BRWB,000000011100000,f
R2BRWR,000000010010000,f
R2BRWW,000000011000000,m
R2BRWY,000000010000000,m
R2BRYW,000000011100000,f
R2BWBB,000000010010000,f
R2BWBR,000000010000000,f
R2BWBW,000000010000000,f
R2BWBY,000000010001110,f
R2WBBR,000000010000000,f
R2WBBW,000000011100000,f
R2WBRB,000000011010111,f
R2WBRR,000000010000000,f
R2WBRW,000000010000000,f
R2WBRY,000000011100011,m
R2WBWB,000000010000000,m
R2WBWR,000000010000000,m
R2WBWW,000000010100000,f
R2WBWY,000000010000100,m
R2WBYB,000000010000000,m
R2WBYR,000000010100000,f
R2WBYW,000000010000000,m
R2WBYY,000000010000000,m
R2WRBB,000000010000000,f
R2WRBR,000000010000000,f
R2WRBW,000000010000000,m
R2WRBY,000000010000000,m
R2WRWB,000000010100001,m
R2WRWR,000000010000000,m
R2WRWW,000000010000100,m
R2WRWY,000000010110000,m
R2WWWR,000000010000000,m
R2WWWW,000000011000000,m
R2WWYB,000000010000000,f
R2WWYR,000000010000000,m
R2WWYW,000000011001100,f
R2WYWB,000000011000000,f
R2WYWR,000000010000100,f
R2WYWW,000000010000000,f
R2WYWY,000000010000100,m
R2WYYB,000000010000000,m
R2WYYR,000000010000000,m
R2WYYW,000000010001000,m
R2WYYY,000000010000000,f
R2YBRB,000000010000000,f
R2YBRR,000000010000000,m
R2YBRW,000000010000000,m
R2YBRY,000000010000000,m
R2YBWB,000000010010000,f
R2YBWR,000000010100000,f
R2YBWW,000000010100000,m
R2YBWY,000000010000000,f
R2YBYB,000000010000000,f
R2YBYR,000000010010000,m
R2YBYW,000000010000000,f
R2YBYY,000000010000011,m
R2YRBR,000000010000000,m
R2YRBW,000000011001101,f
R2YRBY,000000010000000,f
R2YRRR,000000010000000,m
R2YRRW,000000010000000,f
R2YRRY,000000010000001,f
R2YRWB,000000010000000,m
R2YRWR,000000010000000,f
R2YRWW,000000010000011,m
R2YRWY,000000011100001,m
R2YRYB,000000011000000,f
R2YRYR,000000010000000,f
R2YRYW,000000010010100,m
R2YWBB,000000010001100,f
R2YWBY,000000010000000,m
R2YWRB,000000010000010,f
R2YWRR,000000010000000,f
R2YWRW,000000010000000,m
R2YWRY,000000011000000,f
R2YWWB,000000010100000,f
R2YWWR,000000010010000,m
R2YWWW,000000010000100,m
R2YWWY,000000010011010,m
R2YWYB,000000010000000,m
R2YWYR,000000010111100,m
R2YWYW,000000011100010,m
R2YWYY,000000010101100,f
R2YYBR,000000011101000,f
R3BBBB,000000010000100,m
R3BBBR,000000010000000,m
R3BBBW,000000010000000,m
R3BBRB,000000010000000,m
R3BBRR,000000010000000,m
R3BBRY,000000011001110,f
R3BBWB,000000010000001,f
R3BBWW,000000010001000,f
R3BBWY,000000010101110,f
R3BBYB,000000010000001,f
R3BBYR,000000010100000,f
R3BBYW,000000010000100,f
R3BBYY,000000010100000,m
R3BRBB,000000010001000,f
R3BRBR,000000011111110,m
R3BRBW,000000011000100,m
R3BRBY,000000010000000,m
R3BRRB,000000010100000,f
R3BRRR,000000010101010,m
R3BRRW,000000010000000,m
R3BRRY,000000010000000,f
R3BRWB,000000011001000,f
R3BRWR,000000010000000,f
R3BRWW,000000011000000,m
R3BRWY,000000010000000,f
R3BRYB,000000010101010,m
R3BRYR,000000010000000,f
R3BRYY,000000011101000,f
R3BWBB,000000000100000,f
R3BWBR,000000000100110,m
R3BWBW,000000000100000,f
R3BWBY,000000000100000,f
R3BWRB,000000000100000,f
R3BWRW,000000000100000,f
R3BWRY,000000000100000,f
R3BYYW,000000010010000,f
R3BYYY,000000010011100,f
R3RBBB,000001010100101,m
R3RBBR,000001010010000,f
R3RBBW,000001010010000,m
R3RBBY,000001000000000,m
R3RBRW,000001000000000,f
R3RBRY,000001101100101,f
R3RBWB,000001010100100,f
R3RBWR,000001000000100,f
R3RBWW,000001000000000,f
R3RBWY,000001000100010,f
R3RBYR,000001000000000,f
R3RBYW,000001010000000,m
R3RBYY,000001000000000,f
R3RRBB,000001010100010,f
R3RRBW,000001001000000,f
R3RRRB,000001000000000,f
R3RRRW,000001111110111,f
R3RRRY,000001001110100,f
R3RRWB,000001000101000,f
R3RRWR,000001000000000,f
R3RRWY,000001010000000,m
R3RRYB,000001000000000,f
R3RRYR,000001010100000,m
R3RRYW,000001011110111,m
R3RRYY,000001110011000,m
R3RWBB,000000010010001,m
R3RWBR,000000010011100,m
R3RWBW,000000010001000,f
R3RWBY,000000011011101,m
R3RWRB,000000010000000,f
R3RWRR,000000011000000,m
R3RWRW,000000010000000,m
R3RWRY,000000010101100,m
R3RWWB,000000010000011,f
R3RWWR,000000010000000,m
R3RWWW,000000010111111,f
R3RWWY,000000010000000,f
R3RWYB,000000010000000,m
R3RWYR,000000010000000,m
R3RWYW,000000010000000,f
R3RWYY,000000010000000,m
R3RYBB,000000010000000,f
R3RYBR,000000010011110,f
R3RYBW,000000010000000,f
R3RYBY,000000010001000,m
R3RYRB,000001110111111,m
R3RYRR,000001011011000,f
R3RYRW,000001000010000,m
R3RYWB,000001010000000,f
R3RYWR,000001000000000,m
R3RYWW,000001010000001,f
R3RYYB,000001110001000,f
R3RYYR,000001000000001,f
R3RYYW,000001000000001,m
R3WBBB,000001110010001,f
R3WBBR,000001000100000,m
R3WBBW,000001100000000,m
R3WBBY,000001000000000,m
R3WBRW,000001010110100,f
R3WBRY,000001010111011,f
R3WBWB,000001110100011,f
R3WBWR,000001010100000,f
R3WBWW,000001010000010,f
R3WBWY,000001000000000,f
R3WBYB,000001010000000,m
R3WBYR,000001010000001,f
R3WBYW,000001000000000,m
R3WBYY,000001011100000,f
R3WRBB,000001000000000,f
R3WRBR,000001000000000,m
R3WRBW,000001010001111,f
R3WRBY,000001000000000,m
R3WRRB,000001000000000,f
R3WRRR,000001010000010,m
R3WRRW,000001000011001,f
R3WRRY,000001000001000,f
R3WRWB,000001010100000,f
R3WRWR,000001010010000,f
R3WRWW,000001010000000,m
R3WRWY,000001011010011,f
R3WRYR,000001000000000,f
R3WRYW,000001000100000,f
R3WRYY,000001000100000,f
R3WWBB,000001101111110,f
R3WWBW,000001010110000,m
R3WWRB,000001000000000,f
R3WWRW,000001010000000,f
R3WWRY,000001010000000,m
R3WWWB,000001000011101,f
R3WWWR,000001000000010,m
R3WWWW,000001000000000,m
R3WWYB,000001010000000,f
R3WWYW,000001011001000,f
R3WWYY,000001011111100,f
R3WYBB,000001000100010,f
R3WYBW,000001000000000,m
R3WYBY,000001000000000,m
R3WYRR,000001000000000,m
R3WYWB,000001010000000,f
R3WYWR,000001010001000,f
R3WYWW,000001000100000,m
R3WYWY,000001010111000,f
R3WYYB,000001011111100,f
R3WYYW,000001010000000,f
R3YBBB,000001010001010,f
R3YBBR,000001000000000,m
R3YBBY,000001000000000,f
R3YBRB,000001000000000,f
R3YBRR,000001010000000,m
R3YBRW,000001010010000,m
R3YBRY,000001010001101,m
R3YBWB,000001001000001,f
R3YBWR,000001010000000,m
R3YBWW,000001001110000,f
R3YBWY,000001110100101,f
R3YBYB,000001011100110,f
R3YBYR,000001010000000,m
R3YBYW,000001010011101,m
R3YBYY,000001011110011,f
R3YRBB,000001000000001,f
R3YRBR,000001010010011,f
R3YRBW,000001110110010,f
R3YRBY,000001011010000,f
R3YRRB,000001000010000,m
R3YRRR,000001000010000,m
R3YRRW,000001010101000,f
R3YRRY,000001001111000,f
R3YRWB,000001000100000,m
R3YRWR,000001011000000,f
R3YRWW,000001110000000,f
R3YRWY,000001010010000,f
R3YRYB,000001010001000,f
R3YRYR,000001001100000,f
R3YRYW,000001000000000,m
R3YRYY,000001000000100,m
R3YWBB,000001011000001,f
R3YWBR,000001000000000,m
R3YWBW,000001000000000,m
R3YWBY,000001000000000,f
R3YWRB,000001011000000,f
R3YWRR,000001000000000,m
R3YWRW,000001011101000,f
R3YWRY,000001000000000,f
R3YWWB,000001010000010,f
R3YWWR,000001011001111,f
R3YWWW,000001000000000,m
R3YWWY,000001010110000,f
R3YWYB,000001000110111,f
R3YWYR,000001000010001,f
R3YWYW,000001010000000,f
R3YWYY,000001000000000,f
R3YYBB,000001010110010,m
R3YYBW,000001011000000,f
R3YYBY,000001010000000,f
R3YYWB,000001010000000,f
R3YYWR,000001011010001,f
R3YYWW,000001010000000,f
R3YYWY,000001011111001,m
R3YYYB,000001110100000,f
R3YYYR,000001010100011,f
R3YYYW,000001110100000,f
R3YYYY,000001011100010,f
R4BBBB,000000001000000,f
R4BBBR,000000001000000,f
R4BBBW,000000001000001,f
R4BBBY,000000001000000,f
R4BRBB,000000010000000,f
R4BRBR,000000010000000,f
R4BRBW,000000011110010,f
R4BRBY,000000010101000,m
R4BRRB,000000010000000,f
R4BRRW,000000010000000,f
R4BRRY,000000011000000,f
R4BRWB,000000010000000,m
R4BRWR,000000010000000,m
R4BRWW,000000010000000,m
R4BRWY,000000010001000,m
R4BRYW,000000010000000,m
R4BYYW,000000001100000,f
R4BYYY,000000001000000,m
R4WRRB,000000001110100,f
R4WRRR,000000001000000,m
R4WRWB,000000001000000,f
R4WRWR,000000001000100,m
R4WRWW,000000001000000,m
R4WRWY,000000001000000,f
R4WRYB,000000001000000,m
R4WRYR,000000001100100,m
R4WRYW,000000001000000,f
R4WRYY,000000001000000,f
R4WWBR,000000001010000,f
R4WWBY,000000001001000,m
R4WWRB,000000001000000,f
R4WWRR,000000001000010,m
R4WWRW,000000001000000,f
R4WWRY,000000001010001,m
R4WWWB,000000001100000,m
R4WWWR,000000001000000,f
R4WWWW,000000001110000,f
R4WWWY,000000001000000,f
R4YWBB,000000010000000,m
R4YWRR,000000010000000,m
R4YWRW,000000010100000,f
R4YWRY,000000011001000,m
R4YWWB,000000010000000,m
R4YWWR,000000010000000,m
R4YWWW,000000010011100,f
R4YWWY,000000010000000,f
R4YWYB,000000010000000,m
R4YWYR,000000010000000,f
R4YWYW,000000011000000,m
R4YWYY,000000010000000,m
R4YYBB,000000010101000,f
R4YYBR,000000010000100,f
R4YYBW,000000010000000,f
R4YYBY,000000010000000,m
R4YYRB,000000010000000,m
R4YYRW,000000010000000,m
R4YYRY,000000011110010,f
R5BBBB,000000010000000,m
R5BBBR,000000011100011,m
R5BBBW,000000010010010,m
R5BBBY,000000010000100,f
R5BBRB,000000011000000,m
R5BBRR,000000010000000,m
R5BBRW,000000010101000,f
R5BBRY,000000010110000,f
R5BBWB,000000010110000,f
R5BBWR,000000010010000,f
R5BBWW,000000010100000,m
R5BBWY,000000010000000,f
R5BBYB,000000010001000,f
R5BBYR,000000010111000,m
R5BBYW,000000011011000,m
R5BBYY,000000010000000,m
R5BRBB,000000100000000,m
R5BRBR,000000100001000,m
R5BRBW,000000111000000,f
R5BRBY,000000101011000,f
R5BRRB,000000111000000,f
R5BRRR,000000100110000,f
R5BRRW,000000100000000,f
R5BRRY,000000111100000,m
R5BRWB,000000101101000,m
R5BRWR,000000100010100,f
R5BRWW,000000100000000,f
R5BRYB,000000101110000,f
R5BRYR,000000100001000,f
R5BRYW,000000110111110,f
R5BRYY,000000100000000,m
R5BWBB,000000110000000,f
R5BWBR,000000100111101,f
R5BWBW,000000100000000,f
R5BWBY,000000100000001,f
R5BWRB,000000100010000,f
R5BWRR,000000100000000,m
R5BWRW,000000100100000,f
R5BWRY,000000100000000,f
R5BWWB,000000100000000,m
R5BWWR,000000101111110,f
R5BWWW,000000101100000,f
R5BWWY,000000101110000,f
R5BWYB,000000100000000,f
R5BWYR,000000101000000,f
R5BWYW,000000100100000,f
R5BWYY,000000100100000,f
R5BYBB,000000111110000,f
R5BYBR,000000100011100,f
R5BYBW,000000110000000,f
R5BYBY,000000100000000,m
R5BYRB,000000101000000,m
R5BYRR,000000100000000,f
R5BYRW,000000110100100,f
R5BYRY,000000100111010,f
R5BYWB,000000101000000,f
R5BYWR,000000110000000,f
R5BYWW,000000100000000,m
R5BYWY,000000100110000,f
R5BYYB,000000100000000,m
R5BYYR,000000100010000,f
R5BYYW,000000011000000,f
R5BYYY,000000011100100,f
R5RBBB,000000010000000,m
R5RBBW,000000011100000,f
R5RBBY,000000011010000,f
R5RBRB,000000010100000,f
R5RBRR,000000010000000,m
R5RBRW,000000010000110,f
R5RBWB,000000011000000,m
R5RBWR,000000001100101,f
R5RBWW,000000001000000,f
R5RBWY,000000011000000,f
R5RBYB,000000001011110,f
R5RBYR,000000001000001,m
R5RBYW,000000001000101,f
R5RBYY,000000001000100,m
R5RRBB,000000001000000,m
R5RRBR,000000001000100,f
R5RRBW,000000001100000,f
R5RRBY,000000001000000,m
R5RRRB,000000001011010,f
R5RRRW,000000001000000,f
R5RRRY,000000001001100,f
R5RRWB,000000001000000,f
R5RRWR,000000001001000,m
R5RRWW,000000001000000,f
R5RRWY,000000001010000,f
R5RRYB,000000001000100,f
R5RRYR,000000001110000,f
R5RRYW,000000001100100,f
R5RRYY,000000001111100,f
R5RWBB,000000010000000,f
R5RWBR,000000010000000,m
R5RWBW,000000010011100,f
R5RWBY,000000010100000,f
R5RWRR,000000010000000,m
R5RWRW,000000010000000,f
R5RWRY,000000010000000,f
R5RWWB,000000010000000,f
R5RWWR,000000010000000,m
R5RWWW,000000010100000,m
R5RWWY,000000011000000,m
R5RWYB,000000010000000,m
R5RWYR,000000010000000,m
R5RWYW,000000010000000,f
R5RWYY,000000010000000,m
R5RYBB,000000010100000,m
R5RYBR,000000011100000,m
R5RYBW,000000010000000,f
R5RYBY,000000010000111,f
R5RYRB,000000010110111,m
R5RYRR,000000011110000,m
R5RYRW,000000010000000,f
R5RYRY,000000010110000,f
R5RYWB,000000010000000,m
R5RYWR,000000011000000,f
R5RYWW,000000010000000,f
R5RYYB,000000011110000,m
R5RYYR,000000010000000,m
R5RYYW,000000011000000,f
R5RYYY,000000010100000,f
R5WRRB,000000011100000,m
R5WRRR,000000011100000,m
R5WRWB,000000011100010,f
R5WRWR,000000010001000,m
R5WRWW,000000010000000,m
R5WRWY,000000010000000,m
R5WRYB,000000010010000,f
R5WRYR,000000010110000,m
R5WRYW,000000010011100,m
R5WWBB,000000010000001,m
R5WWBR,000000010000100,f
R5WWBW,000000011011111,f
R5WWBY,000000010110100,f
R5WWRW,000000011100100,f
R5WYBB,000000001010000,f
R5WYBR,000000001101000,f
R5WYBW,000000001110000,f
R5WYBY,000000001110000,f
R5WYRB,000000001010000,m
R5WYRR,000000001101000,f
R5WYRW,000000001110000,f
R5WYRY,000000001111110,f
R5WYWB,000000001000000,f
R5WYWY,000000001100000,f
R5YWRB,000000001000000,m
R5YWRW,000000001000100,m
R5YWRY,000000001000000,m
R5YWWB,000000001000001,f
R5YWWR,000000001000000,f
R5YWWW,000000001000000,m
R5YWWY,000000001000000,f
R5YWYB,000000001000000,m
R5YWYR,000000001010100,m
R5YWYW,000000001000100,f
R5YWYY,000000001000000,f
R5YYBB,000000001100100,f
R5YYBR,000000001000000,m
R5YYBW,000000001010000,f
R5YYBY,000000001111101,f
R5YYRB,000000001100000,m
R5YYRW,000000001000000,m
R5YYRY,000000001110100,f
R6BBBB,000000011000000,m
R6BBBR,000000011100000,m
R6BBBW,000000011000010,m
R6BBBY,000000010000000,f
R6BBRB,000000010010110,m
R6BBRR,000000011000000,m
R6BBRW,000000010000000,m
R6BBRY,000000010000000,f
R6BBWB,000000010000000,m
R6BBWR,000000010110000,m
R6BBWW,000000010111010,f
R6BBWY,000000010110000,f
R6BBYB,000000010100000,f
R6BBYR,000000010110100,f
R6BBYW,000000010100010,m
R6BBYY,000000011111111,f
R6BRBR,000000010000100,m
R6BRBW,000000010100000,f
R6BRBY,000000010000000,m
R6BRRB,000000010000000,f
R6BRRR,000000010000000,m
R6BRRW,000000010000000,f
R6BRRY,000000011000101,f
R6BRWB,000000010000001,m
R6BRWR,000000010010000,f
R6BRWW,000000010000000,m
R6BRWY,000000010000000,m
R6BRYB,000000011000000,f
R6BRYR,000000011111100,m
R6BRYW,000000010100000,m
R6BRYY,000000010101110,f
R6BWBB,000000010000000,m
R6BWBR,000000011110000,f
R6BWBY,000000010001010,m
R6BWRB,000000011101000,m
R6BWRR,000000011000000,f
R6BWWB,000000011100001,m
R6BWWR,000000010010010,f
R6BWWW,000000011111110,m
R6BWWY,000000011110111,m
R6BWYB,000000010000000,f
R6BWYR,000000011111000,m
R6BWYW,000000010000000,m
R6BWYY,000000010100000,m
R6BYBB,000000010100100,m
R6BYBR,000000010010000,f
R6BYBY,000000010110100,m
R6BYRB,000000011111110,f
R6BYRW,000000010000010,f
R6BYRY,000000010100000,m
R6BYWB,000000010100000,f
R6BYWR,000000010111010,f
R6BYWW,000000011100000,m
R6BYYB,000000010001101,m
R6BYYR,000000010011000,f
R6BYYW,000000010000000,m
R6BYYY,000000011011110,m
R6RBBB,000000011000100,m
R6RBBR,000000010111000,m
R6RBBW,000000011100000,f
R6RBBY,000000011100000,m
R6RBRB,000000010010100,m
R6RBRR,000000010110000,f
R6RBRW,000000010000100,m
R6RBRY,000000010100000,m
R6RBWB,000000010000000,m
R6RBWR,000000000100100,f
R6RBWW,000000000100001,f
R6RBWY,000000010111100,m
R6RBYB,000000000100000,f
R6RBYR,000000000101100,m
R6RBYW,000000000100001,f
R6RBYY,000000000100000,f
R6RRBB,000000000110000,m
R6RRBR,000000000101111,f
R6RRBW,000000000100100,m
R6RRBY,000000000100000,f
R6RRRB,000000000110101,f
R6RRRR,000000000110000,f
R6RRRW,000000000100100,f
R6RRRY,000000000110000,f
R6RRWB,000000000100000,f
R6RRWR,000000000110010,m
R6RRWW,000000000100000,f
R6RRWY,000000000100000,m
R6RRYB,000000000100000,f
R6RRYR,000000000111000,f
R6RWBB,000000010000000,f
R6RWBR,000000010000100,m
R6RWBW,000000010100000,f
R6RWBY,000000011000000,m
R6RWRB,000000010000000,f
R6RWRR,000000011110000,m
R6RWRW,000000010000000,f
R6RWRY,000000010011110,f
R6RWWB,000000011000000,m
R6RWWR,000000010000100,f
R6RWWW,000000010000000,m
R6RWWY,000000011111100,f
R6RWYB,000000010000000,m
R6RWYR,000000011100000,f
R6RWYW,000000011110110,m
R6RWYY,000000011000101,m
R6RYBB,000000010000000,m
R6RYBR,000000010010100,f
R6RYBW,000000010000000,m
R6RYBY,000000010000000,f
R6RYRR,000000010011000,m
R6RYRW,000000011000000,f
R6RYRY,000000011001000,m
R6RYWB,000000010000001,m
R6RYWR,000000010100000,m
R6RYWW,000000011110000,f
R6RYWY,000000011001101,m
R6RYYB,000000010010000,m
R6RYYR,000000011100100,f
R6RYYW,000000010000000,m
R6RYYY,000000010111000,m
R6WBBB,000000010000000,f
R6WBBR,000000010000100,f
R6WBBW,000000010100010,f
R6WBBY,000000010000000,m
R6WYWB,000000010100100,m
R6WYWR,000000010000000,m
R6WYWW,000000010000000,m
R6WYWY,000000010100000,f
R6WYYB,000000010000000,f
R6WYYR,000000010010000,f
R6WYYW,000000010000000,m
R6WYYY,000000010000101,m
R6YBBB,000000100011100,f
R6YBBY,000000100001000,m
R6YBRR,000000101110000,f
R6YBRW,000000100000000,f
R6YBRY,000000101110000,f
R6YBWB,000000100000000,f
R6YBWR,000000100111101,f
R6YBWW,000000100011100,f
R6YBWY,000000100001100,f
R6YBYB,000000100000000,f
R6YBYW,000000100000000,m
R6YRBB,000000101000000,m
R6YRBR,000000100100100,f
R6YRBW,000000101111101,f
R6YRRB,000000100000000,f
R6YRRR,000000101111111,f
R6YRRW,000000100000000,m
R6YRRY,000000110000000,f
R6YRWB,000000101001000,f
R6YRWR,000000100000000,f
R6YRWW,000000100000000,m
R6YRWY,000000100000000,f
R6YRYB,000000100010000,f
R6YRYR,000000100010001,f
R6YRYY,000000101011100,f
R6YWBB,000000101000000,f
R6YWBR,000000100100000,f
R6YWBW,000000100000000,m
R6YWBY,000000100000000,m
R6YWRB,000000100000000,f
R6YWRR,000000100010000,f
R6YWRW,000000100000100,m
R6YWRY,000000100000000,m
R6YWWB,000000100000000,m
R6YWWR,000000100100000,f
R6YWWW,000000101110000,f
R6YWWY,000000111000000,f
R6YWYB,000000100000000,f
R6YWYR,000000110111000,m
R6YWYW,000000110100000,f
R6YWYY,000000100011000,f
R6YYBB,000000100000000,m
R6YYBR,000000100111111,f
R6YYBW,000000100000000,m
R6YYBY,000000111000000,m
R6YYRB,000000100000000,m
R6YYRR,000000100111000,f
R6YYRW,000000100011111,m
R6YYRY,000000100000000,m
R6YYWB,000000101000100,f
R6YYWR,000000111111000,m
R6YYWW,000000101110000,f
R6YYWY,000000101111000,m
R6YYYB,000000100000000,f
R6YYYR,000000100100000,f
R6YYYW,000000100001100,m
R7BBBB,000000001110000,m
R7BBBR,000000001000000,f
R7BBBW,000000001010000,f
R7BBBY,000000001100000,m
R7BBRB,000000001110000,f
R7BBRW,000000001000000,f
R7BBRY,000000001000000,f
R7BBWB,000000001000000,m
R7BBWR,000000001100000,m
R7BBWW,000000001010000,f
R7BBWY,000000001100000,f
R7BBYB,000000001110100,f
R7BBYR,000000001000000,f
R7BBYW,000000001010000,f
R7BBYY,000000001111111,f
R7BRBB,000000001000000,f
R7BRBR,000000001010000,m
R7BRBW,000000001100100,m
R7BRBY,000000001111111,f
R7BRRB,000000001000000,m
R7BRRR,000000001110000,f
R7BRRW,000000001000000,f
R7BRRY,000000001110000,f
R7BRWB,000000001011000,m
R7BRWR,000000001000000,f
R7BRWW,000000001001000,f
R7BRWY,000000001001100,m
R7BRYB,000000001000000,m
R7BRYR,000000001000100,f
R7BRYW,000000001110011,f
R7BRYY,000000001011111,f
R7BWBB,000000001000000,f
R7BWBR,000000001110000,f
R7BWBW,000000001010000,m
R7BWBY,000000001010000,f
R7BWRB,000000001000000,m
R7BWRR,000000001000000,m
R7BWRW,000000001110000,f
R7BWRY,000000001110000,f
R7BWWB,000000001000000,f
R7BWWR,000000001011000,f
R7BWWW,000000001110000,f
R7BWWY,000000001010100,f
R7BWYB,000000001001000,m
R7BWYW,000000001000000,m
R7BWYY,000000001100000,m
R7BYBB,000000001110000,f
R7BYBR,000000001011101,f
R7BYBW,000000001100000,f
R7BYBY,000000001110000,f
R7BYRB,000000001011111,m
R7BYRR,000000001000000,f
R7BYRW,000000001000000,m
R7BYRY,000000001110000,f
R7BYWB,000000001110000,f
R7BYWR,000000001101000,f
R7BYWW,000000001000100,m
R7BYWY,000000001000000,f
R7BYYB,000000001110101,f
R7BYYR,000000001100000,f
R7BYYW,000000001100000,f
R7BYYY,000000001110100,m
R7RBBB,000000001010000,f
R7RBBR,000000001001000,m
R7RBBW,000000001000000,f
R7RBBY,000000001000000,m
R7RBRW,000000001110000,f
R7RWBB,000000001000100,m
R7RWBR,000000001110000,f
R7RWBW,000000001001000,f
R7RWBY,000000001111100,f
R7RWRB,000000001010000,f
R7RWRR,000000001000000,m
R7RWRW,000000001110000,f
R7RWRY,000000001000000,f
R7RWWB,000000001100000,m
R7RWWR,000000001100000,m
R7RWWW,000000001000000,f
R7RWWY,000000001000000,f
R7RWYB,000000001010100,f
R7RWYR,000000001100000,m
R7RWYW,000000001000000,f
R7RWYY,000000001110001,m
R7RYBB,000000001000000,f
R7RYBR,000000001000000,f
R7RYBW,000000001100100,m
R7RYBY,000000001001000,f
R7RYRB,000000001111100,f
R7RYRR,000000001000000,m
R7RYRW,000000001000100,m
R7RYRY,000000001010000,f
R7RYWB,000000001000000,m
R7RYWR,000000001000000,m
R7RYWW,000000001000100,m
R7RYWY,000000001000000,m
R7RYYB,000000001101010,f
R7RYYR,000000001001010,f
R7RYYW,000000001000000,f
R7WBBB,000000010110000,m
R7WBBR,000000010010000,f
R7WBBW,000000010000000,m
R7WBBY,000000010000000,m
R7WBRB,000000011111110,f
R7WBRR,000000011111000,m
R7WBRW,000000011100000,m
R7WBRY,000000011100100,m
R7WBWB,000000011111100,f
R7WBWR,000000011111011,f
R7WBWW,000000011000000,m
R7WBWY,000000011011110,f
R7WBYB,000000011111111,f
R7WBYR,000000011111110,m
R7WBYW,000000011100010,f
R7WBYY,000000011111111,f
R7WRBB,000000010101100,m
R7WRBR,000000010110000,f
R7WRBW,000000010111111,m
R7WRBY,000000010100000,m
R7WRRB,000000010110100,m
R7WRRR,000000011101000,m
R7WRRW,000000010111000,m
R7WRRY,000000010100000,m
R7WRWB,000000011100000,m
R7WRWW,000000010100000,f
R7WRWY,000000010000000,m
R7WRYB,000000010100000,f
R7WRYR,000000010000100,m
R7WRYW,000000010000000,m
R7WRYY,000000011111111,m
R7WWBB,000000011110000,m
R7WWBR,000000010111111,f
R7WWBW,000000010000000,m
R7WWBY,000000010000000,m
R7WWRB,000000011001101,f
R7WWRR,000000010000000,f
R7WWRW,000000011111100,m
R7WWRY,000000010000000,m
R7WWWB,000000011110100,m
R7WWWR,000000011011110,f
R7WWWW,000000011001000,m
R7WWWY,000000010001101,m
R7WWYB,000000010001000,m
R7WWYR,000000010000100,f
R7WWYW,000000010000001,m
R7WYWB,000000010100000,m
R7WYWR,000000010110000,m
R7WYWW,000000010110100,f
R7WYWY,000000011011000,f
R7WYYB,000000011110100,f
R7WYYR,000000011001111,m
R7WYYW,000000010111001,f
R7WYYY,000000010100000,m
R7YBBB,000000011111100,m
R7YBBR,000000010010000,f
R7YBBW,000000010000100,m
R7YBBY,000000010111010,m
R7YBRB,000000011000010,f
R7YBRR,000000010000000,f
R7YBRW,000000011000000,f
R7YBRY,000000010001100,m
R7YBWB,000000010110111,m
R7YBWR,000000010000000,m
R7YBWW,000000011111111,f
R7YBWY,000000011111110,f
R7YBYB,000000010110000,m
R7YBYR,000000011111110,m
R7YBYW,000000011010001,m
R7YBYY,000000011111111,m
R7YRBB,000000011110100,f
R7YRBR,000000010000001,m
R7YRBW,000000011111100,f
R7YRBY,000000011101101,f
R7YRRR,000000010000000,f
R7YRRW,000000010011100,m
R7YRRY,000000010100000,m
R7YRWB,000000011100000,f
R7YRWR,000000010000000,f
R7YRWW,000000010100000,m
R7YRWY,000000010000000,m
R7YRYB,000000010100100,m
R7YRYR,000000011101101,f
R7YRYW,000000010000000,m
R7YRYY,000000010110000,f
R7YWBB,000000011100000,f
R7YWBR,000000010011101,m
R7YWBW,000000010101100,m
R7YWBY,000000010000000,m
R7YWRB,000000010000100,f
R7YWRW,000000011000000,m
R7YWRY,000000010010000,m
R7YWWB,000000010000000,m
R7YWWR,000000011100000,f
R7YWWW,000000011000000,f
R7YWWY,000000011100100,m
R7YWYB,000000010110000,m
R7YWYR,000000010000000,m
R7YWYW,000000010110000,m
R7YWYY,000000010010000,m
R7YYBB,000000010110100,f
R7YYBR,000000010010000,m
R7YYBW,000000010001000,f
R7YYBY,000000010000000,m
R7YYRB,000000010001010,f
R7YYRR,000000011000000,m
R7YYRW,000000011011100,f
R7YYRY,000000010010010,f
R7YYWB,000000010001100,m
R7YYWR,000000010000000,f
R7YYWW,000000010100000,m
R7YYWY,000000011001000,f
R7YYYB,000000010000000,m
R7YYYR,000000010000100,m
R7YYYW,000000010100111,f
R7YYYY,000000010100011,m
R8BBBB,000000001110000,f
R8BBBR,000000001100000,m
R8BBBW,000000001000000,m
R8BBBY,000000001000000,f
R8BBRB,000000001110000,f
R8BBRR,000000001110100,f
R8BBRW,000000001000000,f
R8BBRY,000000001011001,f
R8BBWB,000000001111011,f
R8BBWR,000000001111111,m
R8BBWW,000000001010000,f
R8BBWY,000000001111010,m
R8BBYB,000000001111111,m
R8BBYR,000000001111101,m
R8BBYW,000000001110010,f
R8BBYY,000000001111111,m
R8BRBB,000000001000000,m
R8BRBR,000000001000000,f
R8BRBW,000000001000000,f
R8BRBY,000000001101100,m
R8BRRB,000000001100000,f
R8BRRR,000000001110100,f
R8BRRW,000000001000100,m
R8BRRY,000000001001100,f
R8BRWB,000000001000000,f
R8BRWR,000000001010000,m
R8BRWW,000000001001001,f
R8BRWY,000000001000001,f
R8BRYB,000000001100000,f
R8BRYR,000000001100001,f
R8BRYW,000000001110100,f
R8BRYY,000000001101001,f
R8BWBB,000000000100010,f
R8BWBR,000000000100000,f
R8BWBW,000000000111000,f
R8BWBY,000000000110110,f
R8BWRB,000000000100000,f
R8BWRR,000000001100010,f
R8BWRW,000000001110000,m
R8BWRY,000000001110000,m
R8BWWB,000000000100010,f
R8BWWR,000000001100000,m
R8BWWW,000000001000000,f
R8BWWY,000000001001010,m
R8BWYB,000000000100000,f
R8BWYR,000000001110000,f
R8BWYW,000000001000000,m
R8BWYY,000000001000011,m
R8BYBB,000000000100000,f
R8BYBR,000000000110000,f
R8BYBW,000000001000000,m
R8BYBY,000000001110000,f
R8BYRB,000000001110000,m
R8BYRR,000000001100000,f
R8BYRW,000000001111100,m
R8BYRY,000000001110101,f
R8BYWB,000000001000000,m
R8BYWR,000000001110000,f
R8BYWW,000000001010000,f
R8BYWY,000000001111110,m
R8BYYR,000000001111000,f
R8BYYW,000000001101000,f
R8BYYY,000000001000001,m
R8RBBB,000000001000000,m
R8RBBR,000000001010100,f
R8RBBW,000000001000000,m
R8RBBY,000000001000000,m
R8RBRB,000000001000000,m
R8RBRW,000000001111110,f
R8RBRY,000000001110010,f
R8RBWB,000000001000100,f
R8RBWR,000000001010010,f
R8RBWW,000000001110100,m
R8RBWY,000000001000100,m
R8RBYB,000000001001100,f
R8RBYR,000000001000000,f
R8RBYY,000000001101010,f
R8RRBB,000000001000000,m
R8RRBR,000000001000100,m
R8RRBW,000000001101111,f
R8RRBY,000000001000000,f
R8RRRB,000000001100000,m
R8RRRY,000000001111000,f
R8RRWB,000000001000100,f
R8RRWR,000000001111100,m
R8RRWY,000000001000000,f
R8RRYB,000000001001101,m
R8RRYR,000000001111000,m
R8RRYW,000000001000000,m
R8RRYY,000000001100000,f
R8RWBB,000000001011110,f
R8RWBR,000000001011000,f
R8RWBW,000000001000000,m
R8RWBY,000000001000000,m
R8RWRB,000000001000000,f
R8RWRR,000000001010000,f
R8RWRW,000000001111000,m
R8RWRY,000000001000000,f
R8RWWB,000000001000000,m
R8RWWR,000000001111100,f
R8RWWW,000000001001000,m
R8RWWY,000000001000000,m
R8RWYB,000000001000000,m
R8RWYR,000000001100000,m
R8RWYW,000000001100000,f
R8RWYY,000000001000000,m
R8RYBB,000000001000000,f
R8RYBR,000000001010000,f
R8RYBW,000000001000011,f
R8RYBY,000000001100100,f
R8RYRB,000000001100000,f
R8RYRW,000000001100101,m
R8RYRY,000000001111100,f
R8RYWB,000000001000000,m
R8RYWR,000000001000000,f
R8RYWW,000000001001000,m
R8RYWY,000000001100000,f
R8RYYB,000000001000000,f
R8RYYR,000000001000000,m
R8RYYW,000000001000000,m
R8RYYY,000000001010110,f
R8WBBB,000000000101000,f
R8WBBR,000000000101001,f
R8WBBW,000000000100010,f
R8WBBY,000000000101000,f
R8WBRB,000000001000000,f
R8WBRR,000000001110100,f
R8WBRW,000000000100001,f
R8WBRY,000000001000000,m
R8WBWB,000000001100100,f
R8WBWR,000000001100000,f
R8WBWW,000000001100001,f
R8WBWY,000000001000110,m
R8WBYR,000000001000000,f
R8WBYW,000000001000001,f
R8WBYY,000000001101100,f
R8WRBB,000000001110000,f
R8WRBR,000000001000000,f
R8WRBW,000000001100000,m
R8WRBY,000000001000000,f
R8WRRB,000000001001000,m
R8WRRR,000000001100110,f
R8WRRW,000000001000000,f
R8WRRY,000000001011100,m
R8WRWB,000000001100001,f
R8WRWR,000000001010000,f
R8WRWW,000000001000000,f
R8WRWY,000000001010001,m
R8WRYB,000000001101000,f
R8WRYR,000000001000000,f
R8WRYW,000000001000000,f
R8WRYY,000000001000000,f
R8WWBB,000000001000010,f
R8WWBR,000000001000000,f
R8WWBW,000000001000100,f
R8WWBY,000000001011111,m
R8WWRB,000000001100000,f
R8WWRW,000000001000100,f
R8WWRY,000000001001111,f
R8WWWB,000000001000000,f
R8WWWR,000000001100000,f
R8WWWW,000000001000000,f
R8WWWY,000000001000000,f
R8WWYB,000000001100000,f
R8WWYR,000000001000000,f
R8WWYW,000000001100000,f
R8WWYY,000000001000000,f
R8WYBB,000000001000000,f
R8WYBR,000000001000000,m
R8WYBW,000000001000000,f
R8WYBY,000000001000000,f
R8WYRB,000000001100101,f
R8WYRR,000000001000000,f
R8WYRW,000000001000100,f
R8WYRY,000000001010000,m
R8WYWB,000000000110100,f
R8WYWR,000000000100000,f
R8WYWW,000000000100000,f
R8WYWY,000000000100000,f
R8WYYB,000000000100000,f
R8WYYR,000000000111100,f
R8WYYW,000000000100000,m
R8WYYY,000000000100000,f
R8YBBB,000000001010000,m
R8YBBR,000000001111000,f
R8YBBY,000000001001000,f
R8YBRB,000000000111000,m
R8YBRR,000000000100100,m
R8YBRW,000000000100000,m
R8YBRY,000000000100000,f
R8YBWB,000000000100000,f
R8YBWR,000000000111011,m
R8YBWW,000000000100000,f
R8YBWY,000000000100000,f
R8YBYR,000000000101000,f
R8YBYW,000000000100010,f
Y1RBBR,100000000000000,f
Y1RBBW,110000000001000,f
Y1RBBY,100100000010010,f
Y1RWYB,100000000000000,m
Y1RWYR,100000000000000,f
Y1RWYW,100000000000000,f
Y1RWYY,100000000000000,m
Y1RYBB,110000100000000,m
Y1RYBR,100000000000000,m
Y1RYBW,100000000000000,f
Y1RYBY,100000000000000,m
Y1RYRB,100000000000000,m
Y1RYRR,100000000000000,m
Y1RYWB,101000000000001,f
Y1RYWR,100000011000000,f
Y1RYWW,110000000000000,f
Y1RYWY,100000000000000,f
Y1RYYB,100000000000000,f
Y1RYYR,100000000000000,f
Y1RYYW,100000000000000,f
Y1RYYY,100000010000000,m
Y2BBBB,010000100000000,f
Y2BBBR,011000000000000,f
Y2BBBY,010101001100000,f
Y2BBRB,010000000000000,m
Y2BBRR,010000010000000,m
Y2BBRW,010000000100000,f
Y2BBWB,010000000000010,f
Y2BBWR,010000011100000,f
Y2BBWW,010000000000000,m
Y2BBWY,010000000100000,f
Y2BBYB,010000000000000,m
Y2BBYR,011000111101111,f
Y2BBYW,010000000000000,f
Y2BBYY,011100011000000,f
Y2BRBR,011000000000000,f
Y2BRBW,010000000000000,m
Y2BRBY,010000000000000,f
Y2BRRB,010000000000000,f
Y2BRRR,010001000000000,f
Y2BRRW,010000000000000,f
Y2BRRY,010000000000000,f
Y2BRWB,010000000000000,f
Y2BRWR,010000000000000,m
Y2BRWW,010000000000000,m
Y2BRWY,010000000000000,f
Y2BRYB,010000001010000,f
Y2BRYR,010000000000000,f
Y2BRYW,010000000000000,f
Y2BRYY,011001000000000,f
Y2BWBB,100000001000000,f
Y2BWBW,100010000000000,f
Y2BWBY,100000000000000,m
Y2BWRB,100000000000000,m
Y2BWRR,100000000000000,m
Y2BWRW,110000001011100,f
Y2BWRY,100000000010000,m
Y2BWWB,100000000010000,f
Y2BWWR,110000000000000,m
Y2BWWW,100000000000000,m
Y2BWWY,110100110000000,m
Y2BWYB,100000000001000,f
Y2BWYR,110000000000000,f
Y2BWYW,101000000000000,m
Y2BWYY,101000000000000,f
Y2BYBB,100000011000000,m
Y2BYBR,101000000000000,f
Y2BYBW,111000000000000,m
Y2BYRB,100011000000000,m
Y2BYRR,100000000000000,m
Y2BYRW,110000000000000,m
Y2BYRY,101000000000000,f
Y2BYWB,111000000010100,f
Y2BYWR,100000000000000,f
Y2BYWW,110101111111000,f
Y2BYWY,101000000000000,f
Y2BYYB,100111000001000,f
Y2BYYR,100000010000000,m
Y2BYYW,010000000000000,m
Y2BYYY,010001001100000,m
Y2RWBB,010000000000000,m
Y2RWBR,010000010000000,m
Y2RWBY,010000000000000,f
Y2RWRB,010001010000000,m
Y2RWRR,010000000000000,f
Y2RWRY,011111011111100,f
Y2RWWB,010000000000000,f
Y2RWWR,010010000000000,f
Y2RWWW,010000000000000,m
Y2RWWY,010001000010000,f
Y2RWYB,010000000000000,m
Y2RWYR,010001000000000,f
Y2RWYW,011111000000000,m
Y2RWYY,010001010000000,f
Y2WRRB,100000000000000,m
Y2WRRR,100000000000000,m
Y2WRWB,100000000100000,m
Y2WRWR,110000010000000,f
Y2WRWW,101000000000000,m
Y2WRWY,110000000000000,m
Y2WRYB,100000000000000,m
Y2WRYR,110000001000000,f
Y2WRYW,100000000000000,f
Y2WRYY,101000001000000,f
Y2WWBB,100000000000000,f
Y2WWBR,100000010010000,m
Y2WWBW,110010000000000,m
Y2WWBY,100000000000000,f
Y2WWRB,100000000000000,m
Y2WWRR,100000000000000,m
Y2WWRW,100000000000000,f
Y2WWRY,110000000000000,f
Y2WWWB,100000000000000,f
Y2WWWR,100000000000000,f
Y2WWWW,100000000010000,f
Y2WWWY,100000000000000,m
Y2WWYB,100000000000000,f
Y2WWYR,110000000000000,f
Y2WWYW,100000000000000,f
Y2WWYY,100000000000000,f
Y2YBBB,101111111000000,m
Y2YBBR,100000001000000,m
Y2YBBW,100000000000000,m
Y2YBWB,100000000000000,f
Y2YBWR,110000000110100,f
Y2YBYB,100000000000000,f
Y2YBYR,100000000000000,m
Y2YBYW,100000000000000,f
Y2YBYY,100000010000000,m
Y2YRBB,100000000000000,f
Y2YRBR,100000000000000,f
Y2YRBW,111100000000000,m
Y2YRBY,100000110000000,m
Y2YRRB,101000001000000,m
Y2YRRR,100101110000100,f
Y2YRRW,100000000000000,f
Y2YRRY,110000000000000,f
Y2YRWB,100000000000000,m
Y2YRWR,100000000000000,f
Y2YRWW,100000000000000,f
Y2YRWY,100000000000000,f
Y2YRYB,100000000000000,m
Y2YRYR,100000000000000,m
Y2YRYW,101000000000000,m
Y2YWBR,100000000000000,f
Y2YWBW,100000000000000,f
Y3BBBB,010000000010000,m
Y3BBBR,011000011000000,m
Y3BBBW,010000000000000,f
Y3BBBY,010000000000000,f
Y3BBRB,010000010001100,m
Y3BBRR,010000000000000,f
Y3BBRY,010010000110000,f
Y3BBWB,010000000000000,m
Y3BBWR,011000001100111,f
Y3BBWW,010000000000000,m
Y3BBWY,010000000000000,f
Y3BBYB,010000000000000,f
Y3BBYR,010000010000000,f
Y3BBYW,011000000000001,f
Y3BBYY,011001010010000,f
Y3BRBB,010000000010010,f
Y3BRBR,010000000000000,f
Y3BRBW,010000000011100,f
Y3BRBY,010000001111110,m
Y3BRRB,010110011000000,f
Y3BRRR,010000000110000,f
Y3BRRW,010101010000010,m
Y3BRRY,011111010000000,m
Y3BRWB,010000000001000,f
Y3BRWW,011000000000000,m
Y3BRWY,010000000000000,m
Y3BRYB,010100000010000,f
Y3BRYR,011111010110000,f
Y3BRYW,010000000000000,f
Y3BRYY,010011010000000,f
Y3BWBB,010100000000000,f
Y3BWBR,010000000010000,f
Y3BWBY,010111001000000,f
Y3BWRB,010110000000000,f
Y3BWRR,011000000000000,f
Y3BWRW,011111010101100,f
Y3BWRY,010000000001000,f
Y3BWWB,010000000000000,f
Y3BWWR,011000000000000,f
Y3BWWW,011000001000000,f
Y3BWWY,011100000000000,f
Y3BWYB,010000010100000,m
Y3BWYR,010000010100000,f
Y3BWYW,010000000000000,f
Y3BWYY,010111010111011,f
Y3BYBB,010000000001000,m
Y3BYBR,010000100000000,f
Y3BYBW,010000001000000,f
Y3BYBY,010000000000000,f
Y3BYRB,010010000000000,f
Y3BYRR,010011000000000,f
Y3BYRW,011000000000000,f
Y3BYRY,011110000100111,f
Y3BYWB,011100000000000,f
Y3BYWR,010000000000000,f
Y3BYWW,010000000000000,m
Y3BYWY,010100000000000,f
Y3BYYB,010100000000000,m
Y3BYYR,010011000000000,m
Y3BYYW,010000000100000,m
Y3BYYY,010010010000001,f
Y3RBBB,010000000000000,f
Y3RBBR,010000000000100,m
Y3RBBW,010010000000000,f
Y3RBBY,010000000010000,f
Y3RBRB,010001000000010,m
Y3RBRR,010000011110110,f
Y3RBRY,011010000000000,m
Y3RBWB,010000000000000,m
Y3RBWR,001000000000000,f
Y3RBWW,001000000000000,m
Y3RBWY,010010000000000,m
Y3RBYB,001000000000000,f
Y3RBYR,001001001000000,m
Y3RBYW,001000000011000,f
Y3RBYY,001100101100111,f
Y3RRBB,001000000000000,f
Y3RRBR,001011000000001,f
Y3RRBW,001000000000000,f
Y3RRBY,001000000001000,m
Y3RRRB,001010101011111,f
Y3RRRR,001000010000000,f
Y3RRRW,001000000000000,m
Y3RRRY,001000000100000,m
Y3RRWR,001000000000010,f
Y3RRWW,001000000000000,m
Y3RRWY,001011000000000,f
Y3RRYB,001000000000000,m
Y3RRYR,001000000010000,f
Y3RRYW,001000000000000,f
Y3RRYY,001000001110011,f
Y3RWBB,010100010010000,f
Y3RWBR,010000110000000,m
Y3RWBW,011111110000000,m
Y3RWBY,010010010000000,m
Y3RWRB,010000000000000,f
Y3RWRR,011101010100000,f
Y3RWRW,011010011000000,f
Y3RWRY,010000000000000,m
Y3RWWR,010001010101011,f
Y3RWWW,011011010000000,f
Y3RWWY,010000000001000,f
Y3RWYB,010000000000010,f
Y3RWYR,011111010000111,m
Y3RWYW,011010010000000,m
Y3RWYY,010001000101000,f
Y3RYBB,011110010000000,f
Y3RYBR,010111110000000,f
Y3RYBW,011000010000000,m
Y3RYBY,011010110000000,m
Y3RYRB,010100010000000,f
Y3RYRR,010101101100010,f
Y3RYRW,010100000000000,m
Y3RYRY,010010011000000,m
Y3RYWB,011110010000011,m
Y3RYWR,010011000001001,f
Y3RYWW,010000000000000,m
Y3RYYB,011111010000000,m
Y3RYYW,010000000000000,m
Y3RYYY,010100000111110,f
Y3WYBB,001000000000000,m
Y3WYBR,001000000000000,m
Y3WYBW,001000010000000,m
Y3WYBY,001000000000000,f
Y4BBBB,010000000000000,f
Y4BBRB,011000000000000,f
Y4BBRR,010000000000010,m
Y4BBRW,010000000000000,f
Y4BBRY,010011010001000,f
Y4BBWB,011111000000000,f
Y4BBWR,010000000000000,m
Y4BBWW,010000010000000,f
Y4BBWY,010000000000000,m
Y4BBYB,011001000011111,m
Y4BBYR,010000001000000,f
Y4BBYW,010100000000000,f
Y4BRBY,010000000000000,m
Y4BRRW,011010001110000,m
Y4BRYY,010111000110010,m
Y4BWBR,010001011000000,f
Y4BWBW,010001000100000,f
Y4BWBY,011000101100000,f
Y4BWYY,010000010000000,f
Y4BYBR,010111111100001,m
Y4BYBW,010100000101011,f
Y4BYBY,010010000000000,m
Y4BYYW,010000000000100,f
Y4RBBB,010010010000000,f
Y4RBRB,010101000000000,m
Y4RBRW,010100000010000,m
Y4RBWB,010100000000000,m
Y4RBWR,010111010100000,f
Y4RBWW,010000000001010,f
Y4RBYB,011111100100000,m
Y4RBYR,010101000110000,f
Y4RBYW,011111010000000,f
Y4RRBB,011000000000000,f
Y4RRRR,010000000000000,f
Y4RRRW,011111011010000,m
Y4RRRY,010101001100100,m
Y4RRWB,010000000000000,m
Y4RRWR,010000010000000,f
Y4RRWW,010000000100000,m
Y4RRWY,011000010100000,f
Y4RRYB,010101101110000,f
Y4RRYR,010000000000000,m
Y4RRYW,010010000000000,m
Y4RWBB,011110111000000,f
Y4RWRB,010000000000000,f
Y4RWRR,010000000000000,f
Y4RWRW,010001000000000,f
Y4RWRY,011110000000000,m
Y4RWWB,010100000000000,f
Y4RWWR,011100000000010,f
Y4RWWW,011000000000000,f
Y4RWWY,010011000001000,m
Y4RWYB,010000000000000,f
Y4RWYR,011000001000000,f
Y4RWYW,010001010000000,f
Y4RYBB,010000010000000,f
Y4RYRR,010000000100100,f
Y4RYRW,011000000000000,f
Y4RYRY,011111111110100,f
Y4RYWB,010000000000000,f
Y4RYWR,011000000000000,m
Y4RYWW,010110110000000,f
Y4RYWY,011011000010000,f
Y4RYYB,011111010000000,f
Y4RYYW,011111110000000,f
Y4WBBB,011101000100000,f
Y4WBRB,010000000100000,f
Y4WBRR,010110000100000,f
Y4WBRW,011111111000000,f
Y4WBRY,011000000000000,m
Y4WBWB,010010000000000,f
Y4WBWR,010000010000000,m
Y4WBWW,010100010010100,m
Y4WBWY,010000000000000,m
Y4WBYR,010000000000000,f
Y4WRBB,011111111100000,f
Y4WRRB,010110000000000,f
Y4WRRR,010110000100000,m
Y4WRRW,010000010000000,f
Y4WRRY,010000000000000,m
Y4WRWB,010000010000000,m
Y4WRWR,010001010000000,m
Y4WRWW,010000000000000,m
Y4WRWY,010000000000000,f
Y4WRYB,010010100000000,f
Y4WRYR,011010010010000,m
Y4WRYW,010100000000000,f
Y4WWBB,011010110011000,f
Y4WWRB,011111010001011,m
Y4WWRW,010101000000000,f
Y4WWRY,010100000000000,f
Y4WWWB,011001010000100,f
Y4WWWR,010101000111101,m
Y4WWWW,010100000000000,f
Y4WWWY,010000000000000,f
Y4WWYB,011011000110111,f
Y4WWYR,010000000100111,f
Y4WWYW,011110001000000,m
Y4WYBB,010001010000000,f
Y4WYRR,010000001100000,m
Y4WYRW,010000000000000,f
Y4WYRY,010000000000000,f
Y4WYWB,010000010100000,m
Y4WYWR,011111000000000,f
Y4WYWW,010101011000001,f
Y4WYWY,010000000000000,f
Y4WYYB,011111011100100,f
Y4WYYR,011101010100010,f
Y4WYYW,011111001000000,f
Y4YBBB,011110000000000,f
Y4YBRB,010000000110000,f
Y4YBRR,010010000000000,f
Y4YBRW,010110111000000,f
Y4YBRY,011011110000100,m
Y4YBWB,011110010000000,f
Y4YBWR,011111111100000,f
Y4YBWW,011111010010000,f
Y4YBWY,011111100000000,m
Y4YBYB,010000000000000,f
Y4YBYR,010011000000000,m
Y4YBYW,010000000000000,m
Y4YRBB,011111010110000,m
Y4YRRR,010000010000000,f
Y4YRRW,011111110010000,m
Y4YRRY,010101110001000,f
Y4YRWB,011010000000000,f
Y4YRWR,011011000000000,m
Y4YRWW,010000000000000,m
Y4YRWY,011000000000000,m
Y4YRYB,011110000000000,f
Y4YRYR,011111000000000,f
Y4YRYW,010000010000000,m
Y4YWBB,010000000000000,m
Y4YWBY,010010000000000,f
Y4YWRB,010000000000000,m
Y4YWRR,010000000000000,m
Y4YWRW,010111110100000,f
Y4YWRY,010110000000000,m
Y4YWWB,010000000000100,m
Y4YWWR,010100001000000,f
Y4YWWW,011111010000000,m
Y4YWWY,010001000000000,m
Y4YWYB,010000000000000,m
Y4YWYR,010000000000000,f
Y4YWYW,011111110000000,f
Y4YYBR,011100000000000,m
Y4YYBW,011000010000000,f
Y5WRYY,001000000000000,m
Y5WWBB,001000000000000,f
Y5WWBR,001000001000000,m
Y5WWBW,001000000000000,m
Y5WWBY,001000000000000,f
Y5WWRB,001000000000000,f
Y5WWRR,001000000000000,m
Y5WWRW,001000000000000,f
Y5WWRY,001000000000000,f
Y5WWWB,001000000000000,m
Y5WWWR,001110000000000,m
Y5WWWW,001000000000100,f
Y5WWWY,001000000000000,f
Y5WWYR,001000000011001,m
Y5WWYW,001000000000000,f
Y5WWYY,001000000000000,f
Y5YBBB,001000000000000,m
Y5YBBR,001001000000100,m
Y5YBBW,001000000000000,m
Y5YBBY,001010000000000,f
Y5YBRB,001000000100000,f
Y5YBRR,001010000000000,f
Y5YBRW,001110110000000,m
Y5YBRY,001001000010000,f
Y5YBWB,001000000000000,m
Y5YBWR,001000000000000,f
Y5YBWW,001000000000100,f
Y5YBWY,001100000000000,m
Y5YBYB,001000000010000,m
Y5YBYR,001100100110000,f
Y5YBYW,001010111000000,m
Y5YBYY,001100000000001,f
Y5YRBB,001000000000000,m
Y5YRBR,001000000000001,f
Y5YRBW,001111010010101,f
Y5YRBY,001001010001010,f
Y5YRRY,001000000000000,m
Y5YRWR,010000000000000,f
Y5YRWW,010010010000100,f
Y5YRYB,010000000000001,f
Y5YRYR,010000000000000,f
Y5YRYW,010000000000000,m
Y5YWBB,010000000000000,f
Y5YWBR,010000010000000,f
Y5YWBW,010000000000000,f
Y5YWBY,010000000000000,f
Y5YWRB,010000000000000,m
Y5YWRR,010000000000000,f
Y5YWRW,010000000001000,f
Y5YWRY,010000000100000,f
Y5YWWB,010000000000000,m
Y5YWWR,010100000000000,m
Y5YWWW,010000000000000,m
Y5YWWY,010001000000000,m
Y5YWYB,010000000000000,f
Y5YWYR,010001001011000,f
Y5YWYW,010000000000000,f
Y5YWYY,010000000000000,f
Y5YYBB,010000000000000,f
Y5YYBR,010000100000000,f
Y5YYBW,010000000000000,f
Y5YYBY,010000000010100,f
Y5YYRB,010000000000000,f
Y5YYRR,010000000010000,f
Y5YYRW,010000000000000,m
Y5YYRY,010000000000000,f
Y5YYWR,010000000110000,f
Y5YYWW,010000010101000,f
Y5YYWY,010000000100000,f
Y5YYYB,010000000000000,f
Y5YYYR,010000000000000,f
Y5YYYW,010000000000000,m
Y5YYYY,010000000111000,f
Y6BBBB,001100000000000,f
Y6BBBW,001000000000000,m
Y6BBRB,001001011100000,m
Y6BBRR,001110000000000,m
Y6BBRW,001000000000000,f
Y6BBRY,001110100110000,f
Y6BBWB,001011000000000,f
Y6BBWR,001000000000000,m
Y6BBWW,001111110110000,f
Y6BBWY,001000000000000,f
Y6BBYB,001000000100000,m
Y6BBYR,001000000101000,m
Y6BBYW,001000000000000,m
Y6BBYY,001000000010000,f
Y6BRBB,001000000000000,m
Y6BRRB,001010010000100,m
Y6BRRW,001000010010000,f
Y6BRRY,001110110010100,f
Y6BRWR,001100000000000,f
Y6BRWW,001010010000000,m
Y6BRWY,001010010000000,f
Y6BRYB,001001000100000,f
Y6BRYR,001111011111111,f
Y6BRYW,001110010100000,f
Y6BRYY,001111010110000,f
Y6BWBB,001000000011100,m
Y6BWBR,001011001001000,f
Y6BWBW,001001000001110,f
Y6BWBY,001000000000000,m
Y6BWRB,001010000000000,f
Y6BWRW,001000000000001,f
Y6BWWR,001101000000000,m
Y6BWWW,001000000000000,m
Y6BWWY,001001000000000,f
Y6BWYB,001000000000000,f
Y6BWYR,001101000000000,f
Y6BWYW,001000010000000,f
Y6BWYY,001011001000000,f
Y6BYBB,001000000010000,f
Y6BYBR,001011000111101,f
Y6BYBW,001010000000000,f
Y6BYBY,001000000000111,f
Y6BYRB,001100000000000,m
Y6BYRR,001010010000000,f
Y6BYRW,001010000010100,f
Y6BYRY,001101010101111,f
Y6BYWB,001000000000000,f
Y6BYWR,001000000000000,f
Y6BYWW,001111000000000,m
Y6BYWY,001000000000000,f
Y6BYYB,001000000010000,f
Y6BYYR,001111010001000,f
Y6BYYW,001100000000000,f
Y6BYYY,001000000101000,f
Y6RBBB,001000010000000,f
Y6RBBR,001001000000000,m
Y6RBBW,001000000000000,f
Y6RBBY,001000000000000,m
Y6RBRB,001000001011111,m
Y6RBRR,001000000000000,f
Y6RBRW,001000100010000,f
Y6RBWR,001001000000000,f
Y6RBWW,001110000000000,f
Y6RBWY,001010010000000,f
Y6RBYB,001010000000100,f
Y6RBYR,001100100000000,f
Y6RBYW,001100010000000,f
Y6RBYY,001100010000000,f
Y6RRBB,001111010010000,f
Y6RRBR,001101000010000,f
Y6RRBW,001100000000000,f
Y6RRBY,001000000000000,m
Y6RRRB,001000000000000,f
Y6RRRR,001100000110000,f
Y6RRRW,001111110110111,f
Y6RRRY,001000010010000,m
Y6RRWB,001010000000000,m
Y6RRWR,001000000000000,m
Y6RRWW,001000000000000,f
Y6RRWY,001000000000000,m
Y6RRYB,001011001001010,f
Y6RRYR,001000000100000,f
Y6RRYW,001001010000000,f
Y6RWBB,001000000000000,m
Y6RWBR,001101010011000,f
Y6RWBW,001110000000000,f
Y6RWBY,001100000000000,f
Y6RWRB,001101001111100,f
Y6RWRR,001001000001100,m
Y6RWRW,001111010000000,m
Y6RWRY,001000000000000,f
Y6RWWB,001000010000000,f
Y6RWWR,001100000000000,f
Y6RWWW,001100000000000,m
Y6RWWY,001000000000000,m
Y6RWYB,001101000110000,f
Y6RWYR,001000000000000,m
Y6RWYY,001100000000000,f
Y6RYBR,001100000001000,f
Y6RYBW,001111000000000,f
Y6RYBY,001100101000000,f
Y6RYRB,001111000001111,f
Y6RYRR,001111011110011,f
Y6RYRW,001000000000000,f
Y6RYRY,001010111010000,f
Y6RYWB,001111011010000,f
Y6RYWR,001000000000000,f
Y6RYWY,001000010000000,m
Y6RYYB,001111011110000,f
Y6RYYR,001010000000000,m
Y6RYYW,001110010000000,f
Y6RYYY,001100000000000,m
Y6WBBB,001001011110000,f
Y6WBBR,001100001010000,f
Y6WBBW,001000000000000,m
Y6WBBY,001000000100000,f
Y6WBRB,001000000000000,f
Y6WBRR,001110000000001,f
Y6WBRW,001111110000000,f
Y6WBRY,001001010000000,m
Y6WBWB,001000000000000,f
Y6WBWW,001000000000000,m
Y6WBWY,001000010000000,m
Y6WBYB,001010000100000,f
Y6WBYR,001111000000000,f
Y6WBYW,001000000010000,m
Y6WBYY,001000000000000,f
Y6WRBB,001011000000000,m
Y6WRBR,001000000000000,f
Y6WRBW,001100000000000,m
Y6WRBY,001101010000000,m
Y6WRRB,000000001100000,f
Y6WRRR,000000001000000,m
Y6WRRW,001000000000000,m
Y6WRRY,001000000000000,m
Y6WRWB,000000001000000,m
Y6WRWR,000000001100000,f
Y6WRWW,000000001000000,f
Y6WRWY,000000001100000,f
Y6WRYB,000000001010000,f
Y6WRYR,000000001000000,f
Y6WRYW,000000001000000,f
Y6WRYY,000000001000000,f
Y6WWBB,000000001000000,f
Y6WWBR,000000001000000,f
Y6WWBW,000000001000000,m
Y6WWBY,000000001000000,f
Y6WWRB,000000001100100,f
Y6WWRR,000000001100000,f
Y6WWRW,000000001000100,m
Y6WWRY,000000001000000,f
Y6WWWB,000000001000100,f
Y6WWWR,000000001000000,f
Y6WWWY,000000001000000,f
Y6WWYR,000000001000000,f
Y6WWYW,000000001010000,f
Y6WWYY,000000001110010,f
Y6WYBR,001100000100000,f
Y6WYBW,001101000000000,m
Y6WYBY,001100000000000,m
Y6WYRB,001000000000000,f
Y6WYRW,001000010110000,m
Y6WYRY,001000000000000,f
Y6WYWB,001110000110100,f
Y6WYWR,001100000000100,f
Y6WYWW,001101000000000,m
Y6WYWY,001111110000110,f
Y6WYYB,001010000001000,m
Y6WYYR,001111000000100,f
Y6WYYW,001000000000100,f
Y6WYYY,001010000000000,f
Y6YBBB,000000001000000,f
Y6YBBR,000000001000110,f
Y6YBBW,000000001000010,f
Y6YBBY,000000001000001,m
Y6YBRB,000000001011110,m
Y6YBRR,000000001000100,f
Y6YBRW,000000001000000,f
Y6YBRY,000000001000001,f
Y6YBWB,000000001000011,m
Y6YBWR,000000001000000,f
Y6YBWY,000000001000000,m
Y7BRBB,000100000000000,f
Y7BRBR,000100000000000,f
Y7BRBW,000100000000000,m
Y7BRBY,000100000000000,m
Y7BRRB,000100000000000,f
Y7BRRR,000100000000000,f
Y7BRRW,000100100000000,f
Y7BRRY,000100000000000,f
Y7BRWB,000100000000000,m
Y7BRWR,000100000010000,f
Y7BRWW,000100000000000,f
Y7BRWY,000110001010000,m
Y7BRYB,000100101000000,m
Y7BRYR,000100000000000,f
Y7BRYW,000100000100000,m
Y7BRYY,000101110000000,f
Y7WBBB,000100000000000,f
Y7WBBR,000100000000000,f
Y7WBBW,000100000000000,f
Y7WBBY,000100100000000,f
Y7WBRB,000100000000000,f
Y7WBRR,000110000010000,m
Y7WBRW,000101000000000,f
Y7WBRY,000100000000000,f
Y7WBWB,000100001000000,f
Y7WBWR,000100000000000,m
Y7WBWW,000100000110000,f
Y7WBWY,000100000010000,f
Y7WBYB,000100101000000,f
Y7WBYW,000100000100000,f
Y7WRBB,000100000000000,f
Y7WRBR,000101000000000,m
Y7WRBW,000100000000000,f
Y7WRBY,000100000000000,m
Y7WRRW,000110000000000,f
Y7WYWB,000101000000000,f
Y7WYWR,000100000000000,f
Y7WYWY,000100000000000,m
Y7WYYW,000110000000000,f
Y7WYYY,000100001000000,f
Y7YBRB,000100000100010,m
Y7YBRW,000100000000000,f
Y7YBRY,000100000000000,f
Y7YBWB,000110000000000,m
Y7YBWR,000100000000000,m
Y7YBWW,000100000000000,m
Y7YBWY,000110000000000,f
Y7YBYB,000100000000000,m
Y7YBYR,000110000000000,f
Y7YBYW,000100000000000,f
Y7YBYY,000111100010000,f
Y7YRBB,000110000100000,f
Y7YRBR,000100101001000,f
Y7YRBW,000100000000000,f
Y7YRBY,000110110000001,f
Y7YRRW,000100101100000,f
Y7YYYY,001000000000000,m
Y8WBWW,000100101101110,m
Y8WBYB,000100001000000,f
Y8WBYR,000100000000000,f
Y8WBYW,000100000000000,f
Y8WBYY,000100000000000,f
Y8WRBB,000101001011011,f
Y8WRBR,000100000000000,f
Y8WRBW,000100000000000,f
Y8WRBY,000100000000000,f
Y8WRRB,000100000000000,f
Y8WRRR,000100000000000,f
Y8WRRW,000100101010100,f
Y8WRRY,000100010000000,f
Y8WRWB,000101100000000,f
Y8WRWR,000100000000000,f
Y8WRWW,000100000000101,f
Y8WRWY,000100000000000,f
Y8WRYB,000100000000000,f
Y8WRYR,000100000000001,f
Y8WRYW,000100000010011,f
Y8WRYY,000100000000000,f
Y8WWBB,000100000000000,m
Y8WWBR,000100000100101,f
Y8WWBW,000100000000000,f
Y8WWBY,000100000000000,f
Y8WWRB,000100000000000,m
Y8WWRR,000100010000000,f
Y8WWRW,000100000000000,m
Y8WWRY,000100000000000,f
Y8WWWB,000100000000000,f
Y8WWWR,000100000000000,f
Y8WWWW,000100001100000,m
Y8WWWY,000110000000000,m
Y8WWYB,000100100000000,f
Y8WWYW,000100000000000,m
Y8WWYY,000100000000100,f
Y8YBBB,000100000000000,f
Y8YBBR,000100000000000,m
Y8YBBW,000100000000010,m
Y8YBBY,000100000000000,f
Y8YBRB,000100000000000,f
Y8YBRR,000100000000000,f
Y8YBRW,000100000000000,m
Y8YBRY,000100000000001,f
Y8YBWR,000101001000011,f
Y8YBWW,000101000000001,f
Y8YBWY,000110011101101,f
Y8YBYB,000100001000011,f
Y8YBYR,000100000000000,f
Y8YBYW,000110000000000,f
Y8YBYY,000100000000000,f
Y8YRBB,000111010000000,m
Y8YRBR,000100001000000,f
Y8YRBW,000100000000001,f
Y8YRBY,000100000100000,f
Y8YRRB,000100000000000,m
Y8YRRW,000100000000010,f
Y8YRWB,000100000000000,m
Y8YRWR,000100000000000,f
Y8YRWW,000100000000000,m
Y8YRWY,000100000000000,f
Y8YRYB,000100000100000,m
Y8YRYR,000110000000011,f
Y8YRYW,000100000000011,m
Y8YRYY,000100000000001,f
Y8YWBB,000100000000000,f
Y8YWBR,000100000000000,m
Y8YWBW,000100000000000,m
Y8YWBY,000100000000000,m
Y8YWRB,000100000000000,f
Y8YWRR,000100000000000,m
Y8YWRW,000100000000000,f
Y8YWRY,000100000000000,m
Y8YWWB,000100110000101,m
Y8YWWR,000100000000000,m
Y8YWWW,000111110000000,m
Y8YWYB,000100011110000,f
Y8YWYR,000110000000000,m
Y8YWYW,000100000000000,m
Y8YWYY,000100000000000,f
Y8YYBB,000100000000000,f
Y8YYBR,000100110000001,f
Y8YYBW,000101100100000,m
Y8YYBY,000100000000000,f
Y8YYRB,000100000000000,m
Y8YYRR,000100000000000,f
Y8YYRW,000100000000000,m
Y8YYRY,000100000100000,m
Y8YYWB,000100000000000,f
Y8YYWR,000100000000000,f
Y8YYWY,000100000000000,f
Y8YYYB,000100000000000,m
Y8YYYR,000100000001001,f
Y8YYYW,000100000000000,f
Y8YYYY,000100101000000,f
