"Year","Year_real","Site","Date","Offset","Y"
1,1993,7,127,1.38629436111989,1145
1,1993,1,124,1.32175583998232,25
1,1993,7,126,1.09861228866811,188
1,1993,3,131,1.09861228866811,27
1,1993,5,124,0.693147180559945,853
1,1993,5,133,0,114
1,1993,6,117,0.693147180559945,4
1,1993,7,125,1.09861228866811,168
1,1993,3,117,0,50
1,1993,5,109,0.693147180559945,219
1,1993,1,136,1.74919985480926,4
1,1993,1,129,2.27726728500976,421
1,1993,2,135,0.693147180559945,68
1,1993,3,132,1.38629436111989,68
1,1993,4,121,0,4
1,1993,7,142,1.46633706879343,11
1,1993,1,114,2.30258509299405,66
1,1993,7,132,1.64222773525709,1985
1,1993,5,114,0.405465108108164,17
1,1993,7,113,1.09861228866811,1
1,1993,7,101,1.6094379124341,1
1,1993,2,129,0.693147180559945,80
1,1993,3,120,1.09861228866811,5
1,1993,6,120,1.38629436111989,72
1,1993,4,117,0.405465108108164,5
1,1993,1,122,1.32175583998232,2574
1,1993,7,120,1.79175946922805,1053
1,1993,1,119,2.16905370036952,133
1,1993,5,119,0.916290731874155,795
1,1993,4,127,0,76
1,1993,4,131,0.693147180559945,29
1,1993,5,130,1.50407739677627,2999
1,1993,1,144,2.11021320034659,5
1,1993,5,118,0.693147180559945,348
1,1993,3,121,1.38629436111989,3
1,1993,5,115,0.405465108108164,50
1,1993,1,118,1.65822807660353,23
1,1993,1,130,2.69124308278583,291
1,1993,7,121,1.70474809223843,167
1,1993,5,134,0.916290731874155,52
1,1993,7,128,0.693147180559945,520
1,1993,5,116,1.6094379124341,16
1,1993,7,105,1.09861228866811,1
1,1993,1,141,0.559615787935423,1
1,1993,1,145,1.09861228866811,1
1,1993,6,128,1.94591014905531,1241
1,1993,3,128,2.52572864430826,843
1,1993,4,118,0.405465108108164,53
1,1993,4,130,0,465
1,1993,5,113,-0.693147180559945,0
1,1993,3,114,1.6094379124341,7
1,1993,1,132,1.44691898293633,11
1,1993,6,129,1.6094379124341,1696
1,1993,3,129,2.19722457733622,546
1,1993,2,120,0.916290731874155,1128
1,1993,7,129,1.79175946922805,1649
1,1993,7,109,1.09861228866811,426
1,1993,7,136,1.09861228866811,0
1,1993,1,117,2.04769284336526,53
1,1993,5,111,0.693147180559945,13
1,1993,7,133,1.32175583998232,233
1,1993,6,123,2.19722457733622,2012
1,1993,5,125,0.405465108108164,102
1,1993,3,123,1.6094379124341,244
1,1993,1,125,2.16905370036952,43
1,1993,3,133,1.6094379124341,35
1,1993,6,133,1.09861228866811,45
1,1993,5,106,0.693147180559945,1
1,1993,7,123,1.38629436111989,1192
1,1993,5,117,0.693147180559945,17
1,1993,1,126,1.55814461804655,46
1,1993,1,137,2.2512917986065,5
1,1993,7,124,1.09861228866811,582
1,1993,1,127,2.30258509299405,1124
1,1993,2,121,0.693147180559945,272
1,1993,1,131,2.52572864430826,71
1,1993,4,119,0,4
1,1993,1,110,2.484906649788,2
1,1993,5,127,0.916290731874155,611
1,1993,5,131,0.405465108108164,328
1,1993,6,124,1.09861228866811,141
1,1993,3,124,1.6094379124341,101
1,1993,5,126,0.405465108108164,64
1,1993,1,128,1.79175946922805,187
1,1993,2,106,0.693147180559945,6
1,1993,5,105,0.693147180559945,1
1,1993,5,128,0.693147180559945,520
1,1993,3,130,1.6094379124341,341
1,1993,7,144,1.09861228866811,5
1,1993,7,115,1.38629436111989,14
1,1993,7,134,1.09861228866811,132
1,1993,3,118,2.39789527279837,479
1,1993,6,118,0.693147180559945,238
1,1993,5,121,1.50407739677627,34
1,1993,3,144,0,4
1,1993,7,130,1.79175946922805,3168
1,1993,7,118,2.19722457733622,354
1,1993,3,134,0.916290731874155,15
1,1993,7,119,1.38629436111989,772
1,1993,5,112,0.916290731874155,2
1,1993,4,124,0,64
1,1993,3,119,2.52572864430826,14
1,1993,6,119,0.693147180559945,267
1,1993,4,123,-0.693147180559945,6
1,1993,5,120,0.916290731874155,802
1,1993,1,120,2.19722457733622,332
1,1993,5,101,0.405465108108164,2
1,1993,7,122,2.19722457733622,5864
1,1993,7,131,1.79175946922805,1281
1,1993,7,137,1.09861228866811,0
1,1993,6,127,1.09861228866811,420
1,1993,6,126,0.693147180559945,133
1,1993,7,110,0.916290731874155,2
1,1993,3,126,2.07944154167984,342
1,1993,4,120,0.693147180559945,40
1,1993,1,103,1.79175946922805,1
1,1993,7,117,1.09861228866811,60
1,1993,3,125,1.38629436111989,0
1,1993,6,125,1.09861228866811,14
1,1993,7,106,1.09861228866811,1
1,1993,5,123,1.09861228866811,588
1,1993,7,138,1.09861228866811,1
1,1993,7,143,1.94591014905531,3
1,1993,5,129,1.70474809223843,2770
2,1994,3,134,0.916290731874155,4
2,1994,7,118,1.50407739677627,110
2,1994,1,120,1.09861228866811,4
2,1994,5,139,0,1
2,1994,1,131,2.77258872223978,62
2,1994,5,120,0.405465108108164,34
2,1994,3,119,1.94591014905531,17
2,1994,3,129,1.94591014905531,55
2,1994,1,141,1.38629436111989,4
2,1994,7,143,2.19722457733622,20
2,1994,7,104,1.38629436111989,7
2,1994,4,132,0,3
2,1994,7,109,0.693147180559945,191
2,1994,4,123,0,8
2,1994,5,124,-0.287682072451781,0
2,1994,2,127,0,8
2,1994,2,125,0.693147180559945,2
2,1994,7,108,1.09861228866811,1
2,1994,4,130,0,3
2,1994,1,110,1.90954250488444,2
2,1994,7,122,1.09861228866811,297
2,1994,7,121,2.07944154167984,2520
2,1994,3,122,2.30258509299405,65
2,1994,6,122,1.38629436111989,80
2,1994,3,121,1.87180217690159,54
2,1994,5,110,0.405465108108164,1
2,1994,6,121,1.6094379124341,744
2,1994,3,136,1.38629436111989,23
2,1994,7,102,1.94591014905531,12
2,1994,4,134,0,2
2,1994,5,125,0,2
2,1994,1,127,1.90954250488444,9
2,1994,7,140,1.09861228866811,19
2,1994,7,136,1.09861228866811,3
2,1994,7,145,1.09861228866811,1
2,1994,6,102,1.38629436111989,30
2,1994,4,119,-0.693147180559945,0
2,1994,7,130,1.09861228866811,66
2,1994,1,126,2.63905732961526,136
2,1994,6,123,1.38629436111989,37
2,1994,3,123,2.19722457733622,2
2,1994,6,130,1.25276296849537,29
2,1994,3,130,2.2512917986065,44
2,1994,1,112,2.52572864430826,15
2,1994,2,120,0.916290731874155,48
2,1994,7,123,1.50407739677627,13
2,1994,1,114,1.32175583998232,8
2,1994,1,133,2.56494935746154,35
2,1994,3,132,2.19722457733622,29
2,1994,6,132,1.09861228866811,35
2,1994,3,138,1.38629436111989,24
2,1994,1,116,0.810930216216329,1
2,1994,7,138,1.09861228866811,17
2,1994,7,132,1.25276296849537,44
2,1994,7,117,1.38629436111989,18
2,1994,7,107,1.6094379124341,2
2,1994,4,133,0,5
2,1994,3,124,1.94591014905531,1
2,1994,3,117,0.693147180559945,0
2,1994,7,124,1.38629436111989,2
2,1994,2,102,0.693147180559945,6
2,1994,7,137,1.09861228866811,4
2,1994,7,101,1.38629436111989,9
2,1994,2,122,0.693147180559945,328
2,1994,2,121,0.693147180559945,944
2,1994,1,113,2.27726728500976,44
2,1994,7,103,1.6094379124341,10
2,1994,3,135,1.09861228866811,46
2,1994,2,132,1.09861228866811,46
2,1994,3,103,0.693147180559945,6
2,1994,7,135,1.38629436111989,8
2,1994,7,120,2.70805020110221,212
2,1994,5,134,0,22
2,1994,3,131,2.07944154167984,68
2,1994,7,105,1.38629436111989,4
2,1994,3,106,1.38629436111989,1
2,1994,3,120,2.19722457733622,138
2,1994,7,131,1.09861228866811,33
2,1994,7,106,1.79175946922805,8
2,1994,5,129,1.25276296849537,217
2,1994,7,115,1.6094379124341,55
2,1994,1,134,2.16905370036952,37
2,1994,6,105,1.6094379124341,7
2,1994,1,132,2.14006616349627,24
2,1994,7,100,1.38629436111989,1
2,1994,2,113,0.693147180559945,3
2,1994,6,133,1.38629436111989,81
2,1994,3,133,2.30258509299405,26
2,1994,3,114,2.14006616349627,5
2,1994,7,126,1.09861228866811,17
2,1994,3,112,2.30258509299405,7
2,1994,5,123,0.693147180559945,17
2,1994,1,130,2.07944154167984,58
2,1994,7,133,1.79175946922805,152
2,1994,7,114,1.09861228866811,1
2,1994,5,130,0.916290731874155,32
2,1994,4,107,0,1
2,1994,1,123,2.58399755243223,22
2,1994,2,119,0.916290731874155,51
2,1994,7,112,1.09861228866811,0
2,1994,3,126,1.6094379124341,120
2,1994,7,125,1.32175583998232,19
2,1994,4,131,0,13
2,1994,6,127,0,13
2,1994,3,128,0,2
2,1994,2,108,0.693147180559945,8
2,1994,3,127,2.19722457733622,13
2,1994,3,125,2.19722457733622,15
2,1994,1,111,1.44691898293633,19
2,1994,7,128,2.07944154167984,633
2,1994,1,122,2.60268968544438,36
2,1994,7,110,1.94591014905531,64
2,1994,5,122,1.09861228866811,308
2,1994,5,121,0,308
2,1994,7,119,1.79175946922805,34
2,1994,7,129,1.09861228866811,200
2,1994,7,134,1.38629436111989,134
2,1994,1,106,2.04769284336526,22
2,1994,3,118,2.01490302054226,72
2,1994,7,113,1.79175946922805,2
2,1994,4,121,0.693147180559945,34
3,1995,7,119,2.484906649788,425
3,1995,7,144,1.09861228866811,8
3,1995,1,141,0,3
3,1995,1,123,2.67414864942653,11
3,1995,5,123,-0.693147180559945,1
3,1995,7,132,1.09861228866811,28
3,1995,1,126,1.87180217690159,24
3,1995,1,117,1.50407739677627,782
3,1995,6,104,0.693147180559945,10
3,1995,7,130,1.09861228866811,168
3,1995,7,109,1.70474809223843,13
3,1995,3,127,1.79175946922805,8
3,1995,3,116,1.87180217690159,280
3,1995,6,116,0.693147180559945,86
3,1995,3,129,1.79175946922805,52
3,1995,3,105,2.30258509299405,0
3,1995,3,109,1.25276296849537,4
3,1995,7,127,1.09861228866811,7
3,1995,7,100,1.38629436111989,2
3,1995,7,135,1.09861228866811,26
3,1995,7,129,1.70474809223843,90
3,1995,1,124,2.52572864430826,67
3,1995,7,116,1.94591014905531,1583
3,1995,7,102,1.09861228866811,2
3,1995,3,115,2.19722457733622,18
3,1995,7,145,1.79175946922805,2
3,1995,6,115,1.09861228866811,11
3,1995,3,136,0.405465108108164,21
3,1995,3,102,1.79175946922805,1
3,1995,2,117,0,37
3,1995,7,115,1.50407739677627,34
3,1995,2,126,0,102
3,1995,7,136,1.09861228866811,54
3,1995,1,120,2.27726728500976,154
3,1995,3,137,0,52
3,1995,7,143,1.09861228866811,1
3,1995,7,137,1.6094379124341,108
3,1995,5,121,0.916290731874155,961
3,1995,4,116,0.693147180559945,29
3,1995,7,142,1.09861228866811,7
3,1995,2,125,0.693147180559945,163
3,1995,1,121,2.39789527279837,251
3,1995,3,142,1.44691898293633,10
3,1995,2,118,1.09861228866811,1986
3,1995,2,123,0.693147180559945,3
3,1995,1,111,2.30258509299405,6
3,1995,3,124,2.30258509299405,7
3,1995,5,116,0.693147180559945,375
3,1995,5,129,0,7
3,1995,6,103,0.916290731874155,3
3,1995,1,116,1.32175583998232,1
3,1995,7,124,1.50407739677627,120
3,1995,5,130,0,44
3,1995,7,103,1.09861228866811,11
3,1995,7,117,1.38629436111989,944
3,1995,7,126,1.17865499634165,85
3,1995,6,117,1.09861228866811,1391
3,1995,3,117,1.38629436111989,1348
3,1995,3,126,2.01490302054226,21
3,1995,6,126,0,5
3,1995,3,140,0.693147180559945,3
3,1995,6,118,1.09861228866811,1638
3,1995,7,113,1.38629436111989,17
3,1995,6,114,1.6094379124341,12
3,1995,3,118,1.38629436111989,520
3,1995,7,123,1.50407739677627,21
3,1995,3,113,2.30258509299405,18
3,1995,7,118,1.6094379124341,4077
3,1995,3,123,1.94591014905531,0
3,1995,5,107,0.693147180559945,2
3,1995,7,114,1.94591014905531,57
3,1995,3,134,2.14006616349627,97
3,1995,6,141,1.09861228866811,14
3,1995,7,125,1.38629436111989,53
3,1995,1,119,2.56494935746154,282
3,1995,4,106,0,5
3,1995,3,122,2.07944154167984,34
3,1995,3,141,1.94591014905531,16
3,1995,6,134,0.693147180559945,55
3,1995,7,141,1.94591014905531,120
3,1995,3,125,1.6094379124341,10
3,1995,7,122,1.09861228866811,32
3,1995,7,138,1.09861228866811,47
3,1995,7,134,2.19722457733622,392
3,1995,3,128,1.38629436111989,308
3,1995,6,131,1.09861228866811,19
3,1995,7,131,1.38629436111989,64
3,1995,7,128,1.6094379124341,58
3,1995,3,121,2.484906649788,133
3,1995,6,121,1.09861228866811,119
3,1995,1,142,1.38629436111989,25
3,1995,7,121,1.79175946922805,864
3,1995,2,119,0.916290731874155,613
3,1995,6,110,0.693147180559945,18
3,1995,3,106,1.6094379124341,35
3,1995,6,106,1.09861228866811,11
3,1995,7,108,1.6094379124341,12
3,1995,7,106,1.6094379124341,17
3,1995,6,120,2.19722457733622,820
3,1995,5,115,1.09861228866811,54
3,1995,3,120,2.484906649788,692
3,1995,1,136,1.09861228866811,16
3,1995,7,120,2.4423470353692,2246
3,1995,1,115,1.79175946922805,1
3,1995,5,122,0.405465108108164,29
3,1995,1,125,2.22462355152433,16
3,1995,1,122,2.54553127160444,39
3,1995,3,119,2.19722457733622,111
3,1995,6,119,1.09861228866811,53
3,1995,5,114,0,2
3,1995,7,107,2.07944154167984,12
3,1995,5,118,0.916290731874155,3567
3,1995,1,113,1.25276296849537,3
3,1995,3,132,0.693147180559945,7
3,1995,7,133,1.94591014905531,20
3,1995,1,118,2.56494935746154,294
3,1995,7,139,1.25276296849537,28
4,1996,3,135,1.94591014905531,10
4,1996,3,128,2.67414864942653,92
4,1996,7,112,1.38629436111989,0
4,1996,7,123,1.09861228866811,411
4,1996,2,137,2.07944154167984,25
4,1996,7,114,1.09861228866811,28
4,1996,7,100,1.38629436111989,72
4,1996,2,132,2.07944154167984,158
4,1996,3,140,2.484906649788,1
4,1996,1,103,1.01160091167848,1
4,1996,1,125,2.01490302054226,44
4,1996,2,119,1.09861228866811,356
4,1996,1,104,2.04769284336526,24
4,1996,2,133,1.38629436111989,19
4,1996,1,130,1.17865499634165,45
4,1996,7,122,1.09861228866811,88
4,1996,7,101,1.6094379124341,1
4,1996,7,109,1.38629436111989,2
4,1996,1,108,1.38629436111989,6
4,1996,2,121,1.09861228866811,170
4,1996,6,110,1.09861228866811,0
4,1996,7,129,1.79175946922805,192
4,1996,7,131,1.09861228866811,175
4,1996,1,133,1.50407739677627,13
4,1996,2,117,0.693147180559945,92
4,1996,1,119,1.74919985480926,407
4,1996,3,131,2.42036812865043,149
4,1996,3,129,2.52572864430826,112
4,1996,1,126,2.27726728500976,46
4,1996,2,125,2.07944154167984,502
4,1996,2,139,1.79175946922805,21
4,1996,1,121,2.01490302054226,8
4,1996,7,124,0.693147180559945,17
4,1996,2,138,1.38629436111989,4
4,1996,7,127,1.6094379124341,60
4,1996,4,128,0,20
4,1996,3,127,2.39789527279837,8
4,1996,3,124,2.35137525716348,65
4,1996,1,137,1.01160091167848,2
4,1996,1,106,2.04769284336526,3
4,1996,3,134,2.56494935746154,8
4,1996,3,118,2.60268968544438,3
4,1996,1,105,2.14006616349627,1
4,1996,7,134,1.38629436111989,19
4,1996,1,132,2.2512917986065,45
4,1996,3,136,1.79175946922805,4
4,1996,2,120,2.14006616349627,1703
4,1996,6,108,0.693147180559945,5
4,1996,3,138,2.39789527279837,9
4,1996,4,137,0,3
4,1996,7,138,1.50407739677627,12
4,1996,7,108,1.6094379124341,1
4,1996,2,124,1.79175946922805,78
4,1996,3,130,1.94591014905531,192
4,1996,3,113,2.7408400239252,0
4,1996,7,103,1.38629436111989,26
4,1996,6,117,1.25276296849537,124
4,1996,7,125,2.07944154167984,906
4,1996,3,117,2.39789527279837,1
4,1996,1,122,2.22462355152433,2532
4,1996,7,113,1.38629436111989,8
4,1996,7,130,1.09861228866811,160
4,1996,7,117,1.09861228866811,112
4,1996,3,125,2.63905732961526,494
4,1996,3,103,2.07944154167984,1
4,1996,3,139,2.77258872223978,11
4,1996,7,120,1.38629436111989,228
4,1996,3,120,2.67414864942653,882
4,1996,6,120,2.19722457733622,1034
4,1996,7,107,1.09861228866811,20
4,1996,1,128,2.37490575457367,98
4,1996,2,118,1.70474809223843,260
4,1996,3,145,1.94591014905531,0
4,1996,1,123,2.37490575457367,157
4,1996,1,112,2.01490302054226,2
4,1996,3,116,2.39789527279837,0
4,1996,4,104,0.693147180559945,3
4,1996,7,132,1.38629436111989,206
4,1996,4,130,0,67
4,1996,7,116,1.09861228866811,150
4,1996,3,132,2.52572864430826,59
4,1996,2,112,1.09861228866811,3
4,1996,7,106,1.50407739677627,1
4,1996,7,137,1.38629436111989,15
4,1996,1,134,1.17865499634165,1
4,1996,1,118,2.01490302054226,6
4,1996,3,111,2.60268968544438,0
4,1996,7,105,1.79175946922805,15
4,1996,3,137,2.39789527279837,12
4,1996,3,142,2.07944154167984,0
4,1996,1,127,1.90954250488444,13
4,1996,7,121,1.38629436111989,3
4,1996,3,121,2.4423470353692,0
4,1996,7,133,2.07944154167984,227
4,1996,6,115,0.693147180559945,8
4,1996,3,119,2.70805020110221,507
4,1996,3,126,2.484906649788,62
4,1996,6,119,2.39789527279837,3358
4,1996,3,115,2.39789527279837,0
4,1996,1,129,0.916290731874155,9
4,1996,4,120,0,116
4,1996,3,133,2.80336038090653,65
4,1996,7,126,1.38629436111989,271
4,1996,7,115,1.38629436111989,0
4,1996,7,119,1.38629436111989,1051
4,1996,3,112,2.56494935746154,1
4,1996,7,128,1.6094379124341,534
4,1996,3,123,2.484906649788,112
4,1996,7,135,1.38629436111989,7
4,1996,2,111,1.09861228866811,31
4,1996,1,120,1.87180217690159,125
4,1996,4,129,0,50
4,1996,3,122,2.70805020110221,211
5,1997,7,125,1.09861228866811,18
5,1997,3,105,0.693147180559945,1
5,1997,3,138,2.14006616349627,5
5,1997,1,135,2.4423470353692,8
5,1997,1,121,2.32727770558442,10
5,1997,3,123,1.25276296849537,20
5,1997,7,103,1.38629436111989,13
5,1997,7,122,1.09861228866811,4
5,1997,6,110,1.09861228866811,3
5,1997,3,103,1.70474809223843,5
5,1997,3,126,1.38629436111989,22
5,1997,1,124,1.87180217690159,1
5,1997,3,119,0.405465108108164,5
5,1997,3,142,2.07944154167984,2
5,1997,7,126,1.09861228866811,140
5,1997,7,119,0.916290731874155,108
5,1997,1,120,1.79175946922805,173
5,1997,7,111,1.09861228866811,552
5,1997,3,130,1.09861228866811,0
5,1997,1,118,1.50407739677627,4
5,1997,1,137,2.04769284336526,3
5,1997,5,112,0,69
5,1997,7,113,1.09861228866811,13
5,1997,3,116,1.50407739677627,13
5,1997,7,116,1.09861228866811,171
5,1997,7,133,1.09861228866811,3
5,1997,7,132,1.09861228866811,2
5,1997,7,106,1.09861228866811,16
5,1997,1,115,1.98100146886658,28
5,1997,1,101,1.01160091167848,1
5,1997,7,117,1.09861228866811,348
5,1997,3,117,1.6094379124341,86
5,1997,7,114,1.09861228866811,1
5,1997,3,120,0.693147180559945,272
5,1997,3,107,1.70474809223843,9
5,1997,5,119,-0.693147180559945,42
5,1997,7,143,1.09861228866811,1
5,1997,7,120,1.09861228866811,1139
5,1997,1,136,2.63905732961526,30
5,1997,3,124,1.6094379124341,15
5,1997,7,107,1.09861228866811,19
5,1997,1,122,2.72457950305342,36
5,1997,1,123,2.58399755243223,21
5,1997,7,104,1.25276296849537,3
5,1997,3,121,0.405465108108164,0
5,1997,3,141,1.87180217690159,1
5,1997,7,135,1.09861228866811,3
5,1997,3,135,1.50407739677627,1
5,1997,7,121,1.09861228866811,1
5,1997,5,108,0.405465108108164,40
5,1997,1,105,0.810930216216329,24
5,1997,1,117,2.01490302054226,28
5,1997,3,115,1.70474809223843,240
5,1997,4,120,0,115
5,1997,7,101,1.09861228866811,18
5,1997,7,131,1.09861228866811,0
5,1997,7,115,1.25276296849537,3365
5,1997,3,112,2.19722457733622,41
5,1997,1,113,1.6094379124341,6
5,1997,7,112,1.09861228866811,95
5,1997,1,116,2.2512917986065,120
5,1997,7,137,1.09861228866811,1
5,1997,7,118,1.09861228866811,84
5,1997,1,111,1.44691898293633,2
5,1997,7,127,1.09861228866811,26
5,1997,3,137,1.6094379124341,21
5,1997,7,109,1.09861228866811,9
5,1997,3,125,1.70474809223843,0
5,1997,7,108,1.09861228866811,127
5,1997,7,105,1.09861228866811,25
5,1997,7,110,1.20397280432594,47
5,1997,7,123,1.38629436111989,11
5,1997,3,122,1.09861228866811,1
6,1998,3,112,2.2512917986065,1
6,1998,4,134,0,2
6,1998,4,119,0,15
6,1998,7,129,1.09861228866811,3
6,1998,3,138,1.6094379124341,9
6,1998,7,128,0.693147180559945,1
6,1998,3,118,1.09861228866811,20
6,1998,7,138,0.693147180559945,7
6,1998,3,127,0.693147180559945,1
6,1998,3,134,2.19722457733622,1
6,1998,7,134,0,1
6,1998,3,132,1.6094379124341,0
6,1998,7,122,1.79175946922805,47
6,1998,3,122,0,6
6,1998,7,144,1.09861228866811,3
6,1998,7,143,0.693147180559945,2
6,1998,1,137,1.74919985480926,1
6,1998,3,144,2.07944154167984,4
6,1998,1,125,0.810930216216329,2
6,1998,7,119,1.09861228866811,16
6,1998,4,129,0,0
6,1998,3,120,1.70474809223843,86
6,1998,6,120,2.07944154167984,131
6,1998,3,119,1.87180217690159,1
6,1998,7,120,1.38629436111989,623
6,1998,4,137,0.693147180559945,7
6,1998,1,128,2.42036812865043,4
6,1998,1,118,1.6094379124341,6
6,1998,1,115,2.19722457733622,25
6,1998,3,106,1.94591014905531,1
6,1998,3,109,2.14006616349627,3
6,1998,7,116,1.09861228866811,0
6,1998,7,121,0.693147180559945,11
6,1998,3,116,1.94591014905531,0
6,1998,1,129,2.30258509299405,10
6,1998,3,121,1.6094379124341,98
6,1998,1,107,1.55814461804655,1
6,1998,4,111,0,22
6,1998,1,117,1.32175583998232,8
6,1998,7,123,2.484906649788,322
6,1998,7,130,1.50407739677627,9
6,1998,6,123,2.19722457733622,263
6,1998,3,123,1.79175946922805,367
6,1998,1,119,2.58399755243223,35
6,1998,7,125,2.39789527279837,159
6,1998,1,120,1.6094379124341,29
6,1998,4,116,0,0
6,1998,3,125,2.07944154167984,181
6,1998,1,131,2.56494935746154,3
6,1998,1,113,1.83258146374831,9
6,1998,7,137,1.94591014905531,9
6,1998,6,124,2.14006616349627,262
6,1998,3,124,1.38629436111989,112
6,1998,1,122,1.65822807660353,80
6,1998,4,123,1.09861228866811,145
6,1998,5,134,0,3
6,1998,3,111,1.79175946922805,4
6,1998,1,135,2.2512917986065,4
6,1998,3,145,0,3
6,1998,1,134,2.19722457733622,3
6,1998,5,132,0,20
6,1998,1,133,1.25276296849537,8
6,1998,1,130,2.69124308278583,12
6,1998,3,117,2.19722457733622,566
6,1998,3,107,1.94591014905531,15
6,1998,3,136,1.94591014905531,1
6,1998,4,120,0,20
6,1998,1,121,1.01160091167848,60
6,1998,1,116,1.25276296849537,2
6,1998,3,129,1.25276296849537,0
7,1999,6,116,1.09861228866811,11
7,1999,7,117,1.6094379124341,365
7,1999,4,121,0,168
7,1999,4,122,0,40
7,1999,5,123,0,83
7,1999,1,123,1.87180217690159,22
7,1999,1,125,2.70805020110221,1331
7,1999,3,119,1.50407739677627,76
7,1999,3,135,2.07944154167984,3
7,1999,6,122,1.09861228866811,82
7,1999,7,143,1.79175946922805,0
7,1999,3,122,2.30258509299405,85
7,1999,7,115,1.38629436111989,1
7,1999,7,124,1.09861228866811,232
7,1999,3,121,1.87180217690159,395
7,1999,7,122,1.09861228866811,255
7,1999,1,120,2.4423470353692,901
7,1999,3,124,2.19722457733622,136
7,1999,3,115,2.35137525716348,2
7,1999,6,124,1.50407739677627,275
7,1999,3,128,1.79175946922805,0
7,1999,4,117,0,11
7,1999,7,105,1.09861228866811,36
7,1999,7,109,1.38629436111989,4
7,1999,3,127,1.79175946922805,11
7,1999,3,101,2.07944154167984,0
7,1999,1,136,1.25276296849537,3
7,1999,7,101,1.09861228866811,22
7,1999,7,107,0.693147180559945,1
7,1999,3,125,2.4423470353692,943
7,1999,4,118,0,82
7,1999,1,119,2.22462355152433,21
7,1999,6,125,2.07944154167984,2954
7,1999,1,138,1.55814461804655,9
7,1999,7,125,1.09861228866811,1269
7,1999,7,102,1.09861228866811,38
7,1999,6,137,0.693147180559945,3
7,1999,7,137,1.09861228866811,1
7,1999,4,120,0,15
7,1999,3,123,1.09861228866811,22
7,1999,7,123,0.693147180559945,250
7,1999,1,117,2.01490302054226,35
7,1999,1,116,2.54553127160444,8
7,1999,3,129,1.79175946922805,0
7,1999,5,117,-0.693147180559945,8
7,1999,1,126,1.74919985480926,98
7,1999,1,134,0.916290731874155,1
7,1999,1,107,1.70474809223843,2
7,1999,4,125,0,123
7,1999,3,118,2.484906649788,1384
7,1999,6,118,1.79175946922805,266
7,1999,7,136,1.09861228866811,13
7,1999,7,118,1.09861228866811,274
7,1999,1,127,2.19722457733622,23
7,1999,1,124,2.37490575457367,186
7,1999,5,122,0,97
7,1999,6,120,0.693147180559945,176
7,1999,3,120,2.07944154167984,575
7,1999,1,121,2.4423470353692,330
7,1999,5,124,0,62
7,1999,7,120,1.09861228866811,445
7,1999,1,122,1.94591014905531,84
7,1999,7,133,1.09861228866811,8
7,1999,7,108,1.38629436111989,2
7,1999,3,117,2.30258509299405,90
7,1999,6,117,2.19722457733622,111
7,1999,1,139,2.54553127160444,5
7,1999,1,137,1.90954250488444,2
8,2000,3,123,0.693147180559945,211
8,2000,6,123,2.19722457733622,289
8,2000,3,113,1.79175946922805,1
8,2000,7,126,1.09861228866811,106
8,2000,7,143,1.09861228866811,27
8,2000,4,127,0.693147180559945,9
8,2000,7,121,1.09861228866811,160
8,2000,7,134,1.09861228866811,26
8,2000,7,101,1.09861228866811,5
8,2000,2,114,1.09861228866811,97
8,2000,1,119,1.98100146886658,1
8,2000,6,121,0,9
8,2000,3,121,1.25276296849537,4
8,2000,1,125,1.01160091167848,8
8,2000,7,118,1.09861228866811,3
8,2000,6,118,1.09861228866811,6
8,2000,4,126,0,2
8,2000,6,116,0,2
8,2000,2,106,1.09861228866811,1
8,2000,3,116,0.405465108108164,2
8,2000,7,139,1.09861228866811,0
8,2000,5,122,-0.693147180559945,31
8,2000,1,100,1.87180217690159,1
8,2000,7,110,1.09861228866811,1
8,2000,3,124,1.25276296849537,351
8,2000,1,115,1.44691898293633,1
8,2000,1,122,2.30258509299405,22
8,2000,7,132,1.25276296849537,250
8,2000,7,128,1.6094379124341,1196
8,2000,4,133,0.405465108108164,26
8,2000,6,132,2.484906649788,179
8,2000,6,128,1.6094379124341,265
8,2000,2,120,2.07944154167984,1221
8,2000,3,128,1.09861228866811,15
8,2000,3,127,1.6094379124341,15
8,2000,1,134,1.01160091167848,5
8,2000,1,121,2.14006616349627,12
8,2000,7,125,1.38629436111989,96
8,2000,2,118,0,578
8,2000,1,133,2.01490302054226,40
8,2000,1,126,2.484906649788,12
8,2000,7,131,1.09861228866811,37
8,2000,7,136,1.09861228866811,1
8,2000,6,131,1.38629436111989,3
8,2000,3,120,1.94591014905531,278
8,2000,1,113,1.79175946922805,3
8,2000,6,129,0.693147180559945,2
8,2000,3,129,1.38629436111989,1
8,2000,7,129,1.09861228866811,30
8,2000,1,123,2.07944154167984,133
8,2000,1,127,2.69124308278583,205
8,2000,1,128,2.37490575457367,42
8,2000,2,113,2.19722457733622,15
8,2000,1,132,2.19722457733622,15
8,2000,7,103,1.09861228866811,1
8,2000,7,100,1.09861228866811,10
8,2000,1,124,1.70474809223843,45
8,2000,7,122,1.09861228866811,312
8,2000,7,115,1.09861228866811,64
8,2000,7,114,1.09861228866811,139
8,2000,6,130,0.693147180559945,1
8,2000,2,112,1.87180217690159,4
8,2000,1,116,2.4423470353692,13
8,2000,3,114,2.14006616349627,215
8,2000,2,121,1.94591014905531,551
8,2000,2,115,1.94591014905531,619
8,2000,1,129,1.38629436111989,4
8,2000,7,135,1.09861228866811,23
8,2000,1,120,1.83258146374831,519
8,2000,1,131,2.14006616349627,13
8,2000,6,126,1.6094379124341,72
8,2000,3,126,2.07944154167984,95
8,2000,7,107,1.09861228866811,5
8,2000,6,133,1.87180217690159,72
8,2000,3,133,0,8
8,2000,4,128,0.693147180559945,49
9,2001,1,128,2.16905370036952,210
9,2001,1,127,2.14006616349627,115
9,2001,1,118,2.39789527279837,65
9,2001,1,126,1.50407739677627,16
9,2001,6,125,2.35137525716348,619
9,2001,3,125,1.94591014905531,242
9,2001,7,133,1.09861228866811,37
9,2001,1,144,1.79175946922805,20
9,2001,6,133,1.09861228866811,5
9,2001,3,133,2.19722457733622,0
9,2001,1,110,0.693147180559945,10
9,2001,4,130,0.405465108108164,51
9,2001,7,113,1.09861228866811,31
9,2001,1,115,2.16905370036952,91
9,2001,7,140,1.09861228866811,5
9,2001,3,113,1.09861228866811,1
9,2001,6,113,1.38629436111989,8
9,2001,3,140,1.94591014905531,0
9,2001,1,142,2.11021320034659,4
9,2001,3,119,2.07944154167984,1
9,2001,7,130,1.20397280432594,416
9,2001,3,111,2.4423470353692,221
9,2001,1,129,2.65675690671466,127
9,2001,6,111,0.693147180559945,11
9,2001,1,131,2.63905732961526,78
9,2001,1,112,2.07944154167984,5
9,2001,1,117,2.46385324059017,35
9,2001,6,130,1.6094379124341,400
9,2001,7,111,1.6094379124341,192
9,2001,3,130,2.07944154167984,123
9,2001,1,121,1.38629436111989,1
9,2001,4,125,0,150
9,2001,7,106,1.09861228866811,14
9,2001,7,144,1.38629436111989,50
9,2001,1,133,2.46385324059017,18
9,2001,4,131,1.09861228866811,66
9,2001,3,144,1.87180217690159,2
9,2001,7,104,1.09861228866811,2
9,2001,7,134,1.25276296849537,239
9,2001,7,126,1.71978596960297,462
9,2001,7,120,1.29928298413026,32
9,2001,3,120,1.79175946922805,25
9,2001,3,126,2.39789527279837,306
9,2001,1,125,1.90954250488444,90
9,2001,6,123,1.25276296849537,103
9,2001,6,108,0.405465108108164,3
9,2001,3,123,2.2512917986065,212
9,2001,6,122,2.19722457733622,83
9,2001,7,132,1.9193705938207,604
9,2001,3,122,2.19722457733622,161
9,2001,6,124,0.693147180559945,85
9,2001,7,123,1.09861228866811,194
9,2001,3,124,2.19722457733622,299
9,2001,7,108,1.09861228866811,24
9,2001,7,122,1.50407739677627,126
9,2001,6,132,1.6094379124341,108
9,2001,3,132,1.38629436111989,11
9,2001,6,127,2.14006616349627,285
9,2001,3,128,2.484906649788,1675
9,2001,3,127,2.30258509299405,347
9,2001,3,114,1.6094379124341,1
9,2001,7,127,1.09861228866811,377
9,2001,1,135,1.79175946922805,1
9,2001,7,139,1.44691898293633,23
9,2001,3,121,1.70474809223843,39
9,2001,4,126,0.693147180559945,61
9,2001,6,121,1.79175946922805,37
9,2001,1,143,2.46385324059017,4
9,2001,3,139,1.38629436111989,1
9,2001,7,117,1.09861228866811,3
9,2001,5,111,0,87
9,2001,7,112,1.48538526376412,297
9,2001,7,129,1.09861228866811,154
9,2001,1,130,2.77258872223978,330
9,2001,3,112,2.19722457733622,17
9,2001,7,109,1.09861228866811,24
9,2001,6,112,0.693147180559945,485
9,2001,1,111,1.70474809223843,19
9,2001,6,129,1.6094379124341,250
9,2001,6,131,1.87180217690159,134
9,2001,3,131,1.6094379124341,37
9,2001,3,129,2.56494935746154,337
9,2001,3,141,1.70474809223843,3
9,2001,1,119,2.484906649788,27
9,2001,4,128,0,208
9,2001,4,127,0,91
9,2001,7,102,1.09861228866811,20
9,2001,3,142,1.6094379124341,11
9,2001,1,113,2.04769284336526,13
9,2001,4,132,0,23
9,2001,1,114,2.58399755243223,256
9,2001,7,101,1.09861228866811,28
9,2001,1,132,2.7408400239252,79
9,2001,1,122,2.27726728500976,126
9,2001,1,108,0.693147180559945,1
9,2001,1,123,1.90954250488444,30
9,2001,1,134,1.6094379124341,2
9,2001,1,120,2.30258509299405,10
9,2001,7,125,1.09861228866811,288
10,2002,7,128,1.09861228866811,129
10,2002,5,104,0.693147180559945,18
10,2002,4,117,0,3
10,2002,7,125,1.09861228866811,17
10,2002,1,111,1.94591014905531,1
10,2002,5,105,0.693147180559945,13
10,2002,1,127,2.65675690671466,116
10,2002,5,127,-0.693147180559945,16
10,2002,1,126,2.27726728500976,84
10,2002,7,140,1.42711635564015,9
10,2002,7,110,1.38629436111989,91
10,2002,4,123,0,7
10,2002,6,110,1.6094379124341,24
10,2002,4,107,0.693147180559945,1
10,2002,3,138,0.693147180559945,0
10,2002,1,129,2.07944154167984,12
10,2002,1,136,2.39789527279837,7
10,2002,1,131,2.37490575457367,1416
10,2002,1,124,1.55814461804655,110
10,2002,5,113,0.405465108108164,701
10,2002,6,117,1.25276296849537,48
10,2002,3,117,1.38629436111989,0
10,2002,7,117,1.79175946922805,10
10,2002,1,130,2.4423470353692,49
10,2002,5,103,0,20
10,2002,7,137,1.09861228866811,4
10,2002,7,107,1.38629436111989,82
10,2002,7,123,1.09861228866811,108
10,2002,7,133,1.09861228866811,7
10,2002,6,137,1.50407739677627,27
10,2002,3,123,1.94591014905531,5
10,2002,3,133,1.38629436111989,0
10,2002,1,103,1.09861228866811,2
10,2002,6,123,2.19722457733622,200
10,2002,3,115,0.693147180559945,0
10,2002,4,140,0,0
10,2002,1,132,2.32727770558442,465
10,2002,3,129,1.09861228866811,22
10,2002,3,119,0.693147180559945,47
10,2002,1,110,1.83258146374831,1
10,2002,5,106,0.405465108108164,33
10,2002,7,129,1.09861228866811,90
10,2002,1,120,1.70474809223843,8
10,2002,3,126,1.6094379124341,15
10,2002,7,126,1.09861228866811,75
10,2002,7,127,1.09861228866811,40
10,2002,1,122,1.79175946922805,68
10,2002,7,111,1.38629436111989,3
10,2002,7,105,1.38629436111989,18
10,2002,1,135,1.83258146374831,2
10,2002,6,127,1.09861228866811,16
10,2002,7,100,1.09861228866811,5
10,2002,3,127,1.79175946922805,24
10,2002,4,113,0,2
10,2002,3,111,1.79175946922805,7
10,2002,3,116,1.38629436111989,0
10,2002,1,128,2.19722457733622,85
10,2002,6,104,1.79175946922805,14
10,2002,3,104,2.39789527279837,4
10,2002,7,104,1.74919985480926,9
10,2002,1,125,0.810930216216329,82
10,2002,1,142,1.38629436111989,1
10,2002,3,132,2.62103882411258,410
10,2002,7,132,1.09861228866811,48
10,2002,1,115,1.74919985480926,1
10,2002,6,103,1.79175946922805,23
10,2002,1,133,2.62103882411258,16
10,2002,3,114,1.09861228866811,2
10,2002,1,137,2.42036812865043,11
10,2002,3,103,2.19722457733622,12
10,2002,7,130,0.510825623765991,1
10,2002,7,114,1.09861228866811,11
10,2002,5,123,0.693147180559945,137
10,2002,1,139,1.6094379124341,1
10,2002,4,104,0.693147180559945,3
10,2002,5,112,-0.693147180559945,0
10,2002,1,134,1.32175583998232,3
10,2002,3,108,1.09861228866811,1
10,2002,3,124,1.38629436111989,63
10,2002,7,108,1.09861228866811,1
10,2002,3,131,1.79175946922805,545
10,2002,3,101,1.09861228866811,7
10,2002,6,113,1.25276296849537,656
10,2002,3,113,1.94591014905531,260
10,2002,3,136,1.79175946922805,7
10,2002,3,125,1.09861228866811,19
10,2002,3,128,1.79175946922805,33
10,2002,7,122,1.09861228866811,18
11,2003,7,104,1.09861228866811,4
11,2003,7,141,1.09861228866811,16
11,2003,3,112,0.916290731874155,4
11,2003,4,108,0,2
11,2003,3,126,1.09861228866811,0
11,2003,1,103,2.62103882411258,8
11,2003,1,107,2.56494935746154,3
11,2003,7,124,1.09861228866811,14
11,2003,6,138,0.693147180559945,0
11,2003,3,131,1.25276296849537,0
11,2003,1,145,1.50407739677627,3
11,2003,7,108,1.38629436111989,6
11,2003,1,113,1.70474809223843,7
11,2003,7,130,1.09861228866811,39
11,2003,3,120,1.38629436111989,0
11,2003,7,117,1.38629436111989,0
11,2003,6,108,1.38629436111989,8
11,2003,7,120,1.09861228866811,1
11,2003,5,113,0.154150679827258,22
11,2003,1,122,1.79175946922805,2
11,2003,4,104,0,2
11,2003,1,127,2.35137525716348,6
11,2003,7,105,1.09861228866811,11
11,2003,7,102,1.38629436111989,0
11,2003,1,131,1.79175946922805,3
11,2003,1,136,2.60268968544438,4
11,2003,7,111,1.38629436111989,121
11,2003,1,128,1.25276296849537,1
11,2003,6,107,1.09861228866811,5
11,2003,3,103,1.6094379124341,10
11,2003,7,106,1.09861228866811,1
11,2003,6,111,1.09861228866811,48
11,2003,1,124,2.65675690671466,14
11,2003,7,107,1.09861228866811,9
11,2003,3,111,1.38629436111989,7
11,2003,1,109,1.90954250488444,3
11,2003,7,103,1.09861228866811,4
11,2003,1,118,2.63905732961526,6
11,2003,1,112,1.50407739677627,1
11,2003,3,114,1.09861228866811,4
11,2003,6,114,1.38629436111989,31
11,2003,6,129,0,3
11,2003,1,104,2.27726728500976,12
11,2003,7,114,1.09861228866811,26
11,2003,4,107,0.405465108108164,1
11,2003,6,101,0.693147180559945,14
11,2003,3,110,1.94591014905531,5
11,2003,7,127,1.09861228866811,0
11,2003,7,133,1.09861228866811,5
11,2003,1,137,2.01490302054226,10
11,2003,7,119,1.50407739677627,1
11,2003,7,110,1.09861228866811,6
11,2003,3,127,0.693147180559945,2
11,2003,3,133,1.6094379124341,0
11,2003,1,135,0.810930216216329,11
11,2003,1,105,2.58399755243223,2
11,2003,6,133,0,1
11,2003,3,122,1.6094379124341,0
11,2003,7,121,1.09861228866811,4
11,2003,7,100,1.09861228866811,4
11,2003,1,130,2.32727770558442,34
11,2003,7,123,1.38629436111989,237
11,2003,5,108,0.405465108108164,3
11,2003,7,134,1.09861228866811,14
11,2003,3,100,0.693147180559945,1
11,2003,6,121,0,0
11,2003,3,123,0.693147180559945,0
11,2003,3,113,-0.287682072451781,1
11,2003,6,104,1.79175946922805,1
11,2003,1,129,1.98100146886658,11
11,2003,1,114,2.19722457733622,3
11,2003,1,125,1.38629436111989,1
11,2003,1,106,2.484906649788,8
11,2003,3,116,1.38629436111989,69
11,2003,7,132,1.09861228866811,2
11,2003,6,124,0,0
11,2003,1,111,2.30258509299405,6
11,2003,7,126,1.09861228866811,32
11,2003,7,109,1.09861228866811,19
12,2004,2,143,2.07944154167984,9
12,2004,7,115,-0.287682072451781,33
12,2004,2,136,2.14006616349627,18
12,2004,1,123,2.22462355152433,25
12,2004,7,106,1.09861228866811,1
12,2004,3,144,0,1
12,2004,3,118,1.79175946922805,19
12,2004,6,118,1.38629436111989,11
12,2004,2,130,1.6094379124341,21
12,2004,1,127,2.60268968544438,4
12,2004,2,137,1.79175946922805,9
12,2004,7,113,1.6094379124341,338
12,2004,3,116,1.6094379124341,8
12,2004,6,113,1.09861228866811,3
12,2004,1,130,2.14006616349627,55
12,2004,2,129,2.07944154167984,151
12,2004,7,141,1.38629436111989,1
12,2004,3,124,1.79175946922805,2
12,2004,2,123,1.09861228866811,44
12,2004,1,136,1.38629436111989,1
12,2004,3,141,0.693147180559945,3
12,2004,3,131,1.6094379124341,7
12,2004,3,102,2.19722457733622,1
12,2004,1,137,2.16905370036952,6
12,2004,3,117,1.6094379124341,1
12,2004,5,133,0,8
12,2004,2,127,2.14006616349627,31
12,2004,6,117,1.38629436111989,17
12,2004,7,134,1.09861228866811,19
12,2004,1,143,0.810930216216329,1
12,2004,6,122,0.693147180559945,3
12,2004,1,138,1.74919985480926,33
12,2004,1,119,2.65675690671466,41
12,2004,3,122,1.38629436111989,2
12,2004,2,101,2.01490302054226,38
12,2004,6,100,1.6094379124341,32
12,2004,5,119,0.693147180559945,176
12,2004,3,134,1.79175946922805,8
12,2004,5,143,0,8
12,2004,7,122,0.693147180559945,17
12,2004,7,100,1.09861228866811,16
12,2004,7,121,-0.405465108108164,101
12,2004,3,121,1.6094379124341,82
12,2004,2,114,1.09861228866811,440
12,2004,6,121,0,86
12,2004,2,142,2.14006616349627,35
12,2004,1,116,1.90954250488444,34
12,2004,7,127,1.09861228866811,1
12,2004,1,125,1.79175946922805,1
12,2004,2,111,0.405465108108164,2
12,2004,2,117,0.693147180559945,31
12,2004,5,116,0.405465108108164,11
12,2004,3,129,2.01490302054226,63
12,2004,1,106,2.27726728500976,5
12,2004,1,118,2.72457950305342,68
12,2004,7,123,1.6094379124341,1886
12,2004,5,144,-0.693147180559945,1
12,2004,5,118,0.693147180559945,23
12,2004,7,129,1.50407739677627,254
12,2004,6,123,0.693147180559945,106
12,2004,3,123,1.94591014905531,543
12,2004,2,141,2.07944154167984,2
12,2004,7,142,1.09861228866811,60
12,2004,5,115,0.405465108108164,375
12,2004,7,114,1.25276296849537,902
12,2004,1,115,1.94591014905531,23
12,2004,2,121,2.14006616349627,2594
12,2004,5,135,0,2
12,2004,3,114,1.6094379124341,60
12,2004,3,142,2.07944154167984,12
12,2004,1,107,2.46385324059017,4
12,2004,1,120,2.07944154167984,17
12,2004,2,122,2.14006616349627,497
12,2004,2,103,1.38629436111989,1
12,2004,1,121,2.39789527279837,83
12,2004,2,115,2.19722457733622,1110
12,2004,7,119,1.38629436111989,169
12,2004,7,138,1.09861228866811,18
12,2004,5,100,0.405465108108164,14
12,2004,1,134,1.83258146374831,18
12,2004,7,143,1.50407739677627,13
12,2004,3,119,1.38629436111989,12
12,2004,2,120,1.79175946922805,10
12,2004,7,104,1.09861228866811,22
12,2004,1,122,2.30258509299405,15
12,2004,6,119,0.405465108108164,16
12,2004,3,143,1.38629436111989,25
12,2004,6,143,1.09861228866811,6
12,2004,1,117,2.32727770558442,9
12,2004,7,133,1.09861228866811,7
12,2004,3,137,1.79175946922805,2
12,2004,2,113,0.916290731874155,60
12,2004,2,116,1.6094379124341,31
12,2004,3,133,1.94591014905531,4
12,2004,7,137,-0.287682072451781,1
12,2004,7,130,1.09861228866811,61
12,2004,2,118,1.09861228866811,226
12,2004,1,124,1.87180217690159,3
12,2004,7,132,1.09861228866811,28
12,2004,3,130,1.79175946922805,75
12,2004,2,126,2.14006616349627,8
12,2004,2,128,1.94591014905531,15
12,2004,1,142,1.87180217690159,6
12,2004,3,115,1.25276296849537,178
12,2004,6,115,0,95
12,2004,5,114,0.405465108108164,989
12,2004,5,129,0,12
12,2004,7,118,1.09861228866811,31
12,2004,7,144,1.09861228866811,29
12,2004,1,129,2.2512917986065,151
13,2005,6,127,1.50407739677627,25
13,2005,3,127,1.09861228866811,4
13,2005,3,123,2.07944154167984,2
13,2005,2,135,1.38629436111989,59
13,2005,3,132,1.94591014905531,108
13,2005,6,132,0.693147180559945,36
13,2005,7,125,1.09861228866811,27
13,2005,4,112,0.693147180559945,1
13,2005,4,117,0,1
13,2005,2,136,1.79175946922805,67
13,2005,6,121,1.09861228866811,1
13,2005,3,121,1.6094379124341,2
13,2005,2,128,1.38629436111989,57
13,2005,5,126,1.09861228866811,23
13,2005,1,120,2.70805020110221,8
13,2005,7,121,1.09861228866811,3
13,2005,2,133,2.19722457733622,49
13,2005,1,126,2.70805020110221,11
13,2005,4,114,1.09861228866811,2
13,2005,1,139,2.04769284336526,16
13,2005,7,118,1.09861228866811,0
13,2005,5,135,1.50407739677627,659
13,2005,6,111,1.94591014905531,38
13,2005,5,110,0,9
13,2005,2,113,2.07944154167984,437
13,2005,1,135,2.17853244432407,85
13,2005,1,110,1.79175946922805,22
13,2005,7,111,1.09861228866811,17
13,2005,1,141,1.87180217690159,2
13,2005,5,109,0.693147180559945,1
13,2005,5,136,1.09861228866811,12
13,2005,5,128,1.09861228866811,254
13,2005,1,133,2.78809290877575,133
13,2005,7,107,1.38629436111989,4
13,2005,2,126,1.94591014905531,99
13,2005,5,124,0,2
13,2005,5,133,0.693147180559945,5
13,2005,2,120,1.94591014905531,211
13,2005,1,124,2.14006616349627,190
13,2005,1,136,2.60268968544438,6
13,2005,2,106,2.19722457733622,31
13,2005,1,109,0.405465108108164,4
13,2005,6,107,0,2
13,2005,3,107,1.38629436111989,6
13,2005,3,137,1.79175946922805,16
13,2005,7,114,1.38629436111989,187
13,2005,1,119,2.37490575457367,39
13,2005,6,114,1.38629436111989,6
13,2005,7,137,1.09861228866811,44
13,2005,3,114,1.38629436111989,2
13,2005,2,130,2.19722457733622,32
13,2005,1,134,2.7408400239252,288
13,2005,5,129,0.693147180559945,38
13,2005,3,131,1.79175946922805,61
13,2005,1,115,1.79175946922805,4
13,2005,4,105,0,14
13,2005,5,115,0.693147180559945,250
13,2005,6,117,0.693147180559945,9
13,2005,6,112,0.916290731874155,0
13,2005,1,122,2.70805020110221,17
13,2005,4,132,0.693147180559945,3
13,2005,6,126,0.693147180559945,15
13,2005,7,106,1.09861228866811,51
13,2005,3,126,1.09861228866811,60
13,2005,3,120,1.6094379124341,4
13,2005,4,129,0,20
13,2005,3,106,1.6094379124341,1
13,2005,7,126,1.09861228866811,26
13,2005,2,107,1.38629436111989,15
13,2005,1,121,2.484906649788,2
13,2005,6,113,1.79175946922805,70
13,2005,1,132,2.70805020110221,76
13,2005,5,125,1.09861228866811,92
13,2005,3,113,0.693147180559945,1
13,2005,5,132,0.916290731874155,35
13,2005,1,125,1.98100146886658,2
13,2005,4,115,1.09861228866811,22
13,2005,7,113,1.09861228866811,16
13,2005,1,105,1.44691898293633,17
13,2005,1,123,1.79175946922805,18
13,2005,4,135,1.79175946922805,469
13,2005,2,131,2.19722457733622,50
13,2005,7,138,1.09861228866811,15
13,2005,3,116,1.38629436111989,114
13,2005,2,112,2.07944154167984,79
13,2005,3,138,1.6094379124341,6
13,2005,4,109,0.693147180559945,11
13,2005,4,128,0,2
13,2005,7,130,1.09861228866811,72
13,2005,1,127,2.39789527279837,159
13,2005,5,127,0.405465108108164,35
13,2005,2,114,1.6094379124341,55
13,2005,4,133,0.405465108108164,6
13,2005,3,130,1.38629436111989,42
13,2005,6,130,1.38629436111989,79
13,2005,7,115,1.09861228866811,186
13,2005,5,131,0.693147180559945,65
13,2005,1,112,2.54553127160444,13
13,2005,3,115,1.09861228866811,10
13,2005,6,115,1.79175946922805,59
13,2005,1,131,1.6094379124341,39
13,2005,3,134,1.94591014905531,78
13,2005,6,134,2.484906649788,255
13,2005,7,129,1.09861228866811,95
13,2005,1,114,2.19722457733622,64
13,2005,2,127,2.19722457733622,109
13,2005,7,134,1.38629436111989,245
13,2005,1,137,1.67397643357167,6
13,2005,3,129,0.693147180559945,2
13,2005,3,109,1.50407739677627,4
13,2005,3,136,2.01490302054226,0
13,2005,6,128,2.01490302054226,641
13,2005,3,128,1.50407739677627,6
13,2005,2,121,1.94591014905531,23
13,2005,7,133,1.09861228866811,29
13,2005,3,124,1.25276296849537,84
13,2005,3,133,1.79175946922805,10
13,2005,4,130,0,8
13,2005,6,133,1.79175946922805,21
13,2005,1,108,1.74919985480926,1
13,2005,5,107,0.693147180559945,1
13,2005,1,118,2.30258509299405,11
13,2005,3,135,2.70805020110221,387
13,2005,2,125,2.07944154167984,74
13,2005,3,110,1.6094379124341,114
13,2005,6,135,1.79175946922805,51
13,2005,1,111,2.39789527279837,14
13,2005,2,132,2.19722457733622,171
13,2005,7,110,1.38629436111989,220
13,2005,2,134,2.30258509299405,318
13,2005,5,130,0.693147180559945,49
13,2005,7,101,1.09861228866811,1
13,2005,2,129,2.19722457733622,22
13,2005,5,116,0,86
13,2005,5,138,0.693147180559945,10
13,2005,7,132,1.6094379124341,214
13,2005,6,125,0.693147180559945,3
13,2005,3,125,1.01160091167848,11
13,2005,5,113,0.916290731874155,16
13,2005,4,131,0,32
13,2005,1,113,2.70805020110221,109
14,2006,2,121,0.693147180559945,5
14,2006,2,134,1.38629436111989,5
14,2006,1,107,1.6094379124341,1
14,2006,7,124,1.09861228866811,52
14,2006,5,107,1.09861228866811,1
14,2006,1,128,2.07944154167984,29
14,2006,2,127,2.14006616349627,325
14,2006,5,130,0.405465108108164,27
14,2006,5,120,0,109
14,2006,7,129,1.09861228866811,96
14,2006,4,114,0.405465108108164,42
14,2006,1,111,2.30258509299405,2
14,2006,1,105,2.56494935746154,14
14,2006,1,130,1.50407739677627,8
14,2006,6,129,0.693147180559945,64
14,2006,3,129,1.94352635770004,17
14,2006,1,119,1.09861228866811,153
14,2006,1,127,1.79175946922805,2
14,2006,2,128,2.14006616349627,80
14,2006,1,117,1.55814461804655,123
14,2006,5,127,0.693147180559945,12
14,2006,5,117,0.693147180559945,33
14,2006,7,123,1.09861228866811,21
14,2006,2,130,2.14006616349627,116
14,2006,6,131,0,3
14,2006,2,119,1.38629436111989,35
14,2006,2,120,1.38629436111989,185
14,2006,2,111,0,4
14,2006,6,123,1.79175946922805,24
14,2006,7,133,1.50407739677627,58
14,2006,6,104,0,4
14,2006,3,114,1.38629436111989,37
14,2006,5,136,0.693147180559945,42
14,2006,1,121,2.30258509299405,330
14,2006,7,114,1.09861228866811,371
14,2006,6,112,1.6094379124341,44
14,2006,3,112,1.99243016469021,134
14,2006,3,126,0.847297860387204,10
14,2006,7,102,1.09861228866811,2
14,2006,6,126,0.693147180559945,4
14,2006,2,125,2.19722457733622,134
14,2006,7,112,1.6094379124341,4141
14,2006,7,126,1.74919985480926,16
14,2006,6,119,2.19722457733622,268
14,2006,3,130,1.80555279136039,6
14,2006,6,130,0.693147180559945,7
14,2006,2,131,2.14006616349627,104
14,2006,3,119,1.87180217690159,461
14,2006,3,120,2.19722457733622,456
14,2006,2,133,2.14006616349627,19
14,2006,7,119,2.07944154167984,223
14,2006,7,130,1.38629436111989,147
14,2006,2,123,1.09861228866811,21
14,2006,7,111,1.09861228866811,2
14,2006,1,122,2.77258872223978,25
14,2006,3,128,0.693147180559945,9
14,2006,6,128,1.94591014905531,50
14,2006,7,128,1.09861228866811,75
14,2006,5,122,1.09861228866811,321
14,2006,5,132,-0.693147180559945,13
14,2006,1,124,2.77258872223978,222
14,2006,2,112,2.14006616349627,2034
14,2006,2,126,2.14006616349627,160
14,2006,6,125,0.693147180559945,5
14,2006,7,107,1.64222773525709,59
14,2006,1,132,1.83258146374831,15
14,2006,7,125,2.11021320034659,34
14,2006,2,106,1.87180217690159,1
14,2006,7,141,1.09861228866811,0
14,2006,4,118,0.693147180559945,6
14,2006,2,132,2.14006616349627,140
14,2006,5,126,0,3
14,2006,4,128,0.405465108108164,5
14,2006,1,126,2.50552593699074,33
14,2006,5,106,0.693147180559945,1
14,2006,1,112,1.79175946922805,10
14,2006,2,124,1.09861228866811,51
14,2006,6,134,0,15
14,2006,3,134,1.77777322725332,1
14,2006,4,120,1.09861228866811,243
14,2006,3,116,0.773189888233482,449
14,2006,7,134,1.55814461804655,63
14,2006,1,114,2.26002547857525,37
14,2006,1,135,1.09861228866811,1
14,2006,1,123,2.77258872223978,25
14,2006,7,118,0.916290731874155,231
14,2006,1,133,1.6094379124341,3
14,2006,5,123,0.693147180559945,2
14,2006,6,118,0,41
14,2006,2,129,2.14006616349627,204
14,2006,5,104,0.916290731874155,6
14,2006,7,117,1.94591014905531,182
14,2006,7,127,1.50407739677627,82
14,2006,2,122,0.693147180559945,348
14,2006,3,117,0.810930216216329,41
14,2006,6,127,1.6094379124341,12
14,2006,5,125,0.693147180559945,12
14,2006,1,125,2.50552593699074,6
14,2006,6,124,2.39789527279837,49
14,2006,4,115,0,1
15,2007,7,111,1.79175946922805,5
15,2007,1,133,2.35137525716348,9
15,2007,2,125,2.14006616349627,742
15,2007,7,105,2.058388132482,11
15,2007,3,102,1.62596721438531,2
15,2007,3,110,0.693147180559945,3
15,2007,7,119,2.56494935746154,3739
15,2007,6,116,0,39
15,2007,1,113,1.55814461804655,1
15,2007,7,140,1.09861228866811,1
15,2007,7,124,1.79175946922805,3044
15,2007,7,116,1.09861228866811,27
15,2007,2,132,2.14006616349627,1
15,2007,2,126,1.79175946922805,15
15,2007,1,117,2.49182709263257,50
15,2007,2,122,2.07944154167984,971
15,2007,5,128,0.916290731874155,21
15,2007,1,118,2.30258509299405,61
15,2007,5,115,1.09861228866811,10
15,2007,3,108,1.57553636075842,1
15,2007,4,120,1.70474809223843,876
15,2007,1,115,2.19722457733622,2
15,2007,5,118,0.916290731874155,419
15,2007,5,129,1.09861228866811,38
15,2007,5,117,0.693147180559945,34
15,2007,2,123,1.79175946922805,634
15,2007,3,121,1.79175946922805,205
15,2007,6,121,0,129
15,2007,7,121,2.19722457733622,1815
15,2007,1,123,2.35137525716348,630
15,2007,5,126,0.916290731874155,695
15,2007,5,122,1.09861228866811,897
15,2007,2,131,1.38629436111989,5
15,2007,1,143,1.17865499634165,1
15,2007,7,100,1.09861228866811,27
15,2007,2,118,2.19722457733622,907
15,2007,2,117,1.6094379124341,29
15,2007,1,126,2.07944154167984,12
15,2007,1,122,2.54553127160444,522
15,2007,6,120,1.6094379124341,2297
15,2007,3,120,2.39789527279837,1439
15,2007,4,108,0,6
15,2007,1,125,1.98100146886658,276
15,2007,7,120,2.19722457733622,5170
15,2007,5,125,0.693147180559945,1090
15,2007,2,133,1.6094379124341,2
15,2007,4,124,1.6094379124341,2064
15,2007,1,107,1.50407739677627,2
15,2007,5,107,0.405465108108164,236
15,2007,4,119,1.38629436111989,836
15,2007,7,129,1.09861228866811,21
15,2007,7,118,2.46385324059017,950
15,2007,5,108,1.25276296849537,21
15,2007,7,144,1.09861228866811,9
15,2007,7,117,1.09861228866811,71
15,2007,7,128,1.09861228866811,3
15,2007,7,141,1.09861228866811,1
15,2007,3,118,2.19722457733622,500
15,2007,6,118,2.56494935746154,823
15,2007,3,129,1.79175946922805,1
15,2007,3,117,1.79175946922805,41
15,2007,4,125,1.09861228866811,999
15,2007,7,115,1.09861228866811,7
15,2007,6,117,1.6094379124341,8
15,2007,1,103,2.67414864942653,26
15,2007,7,113,1.09861228866811,1
15,2007,2,121,2.14006616349627,2000
15,2007,1,119,2.54553127160444,490
15,2007,5,124,1.09861228866811,2947
15,2007,1,116,2.30258509299405,9
15,2007,1,124,2.484906649788,661
15,2007,5,119,0.916290731874155,1443
15,2007,4,107,0,12
15,2007,7,106,1.25276296849537,58
15,2007,1,102,2.50552593699074,14
15,2007,1,127,0,13
15,2007,5,110,0.405465108108164,20
15,2007,1,112,1.79175946922805,1
15,2007,7,133,1.09861228866811,4
15,2007,2,120,2.14006616349627,4452
15,2007,1,111,2.47092040781326,5
15,2007,5,111,0,4
15,2007,1,138,1.32175583998232,1
15,2007,7,142,1.09861228866811,1
15,2007,2,105,1.87180217690159,42
15,2007,3,107,1.55814461804655,45
15,2007,2,110,1.6094379124341,15
15,2007,7,125,1.09861228866811,776
15,2007,2,111,2.14006616349627,1
15,2007,3,125,2.30258509299405,1519
15,2007,6,125,2.19722457733622,1228
15,2007,2,112,1.87180217690159,1
15,2007,4,118,1.38629436111989,328
15,2007,1,120,2.67414864942653,1780
15,2007,3,126,0.693147180559945,101
15,2007,6,122,1.09861228866811,147
15,2007,3,122,1.6094379124341,53
15,2007,4,142,0,3
15,2007,7,123,1.09861228866811,543
15,2007,2,104,2.14006616349627,36
15,2007,7,122,1.6094379124341,719
15,2007,3,123,2.07944154167984,520
15,2007,6,123,2.19722457733622,697
15,2007,2,124,1.94591014905531,1458
15,2007,4,114,-0.287682072451781,1
15,2007,1,121,2.7408400239252,1147
15,2007,2,119,2.19722457733622,3707
15,2007,2,137,2.07944154167984,1
15,2007,3,112,1.38629436111989,1
15,2007,3,140,1.09861228866811,2
15,2007,6,124,2.56494935746154,4406
15,2007,5,136,1.25276296849537,17
15,2007,7,103,1.09861228866811,3
15,2007,3,124,1.87180217690159,2033
15,2007,6,119,2.67414864942653,2096
15,2007,3,119,2.30258509299405,561
16,2008,2,133,1.94591014905531,12
16,2008,1,127,2.60268968544438,2
16,2008,5,127,1.42711635564015,42
16,2008,7,124,1.29928298413026,4
16,2008,7,126,1.65822807660353,3
16,2008,4,136,0.693147180559945,3
16,2008,7,121,1.29928298413026,1
16,2008,7,142,1.09861228866811,11
16,2008,1,107,1.50407739677627,11
16,2008,4,138,0.405465108108164,4
16,2008,1,111,2.65675690671466,37
16,2008,5,111,0.693147180559945,7
16,2008,1,109,2.60268968544438,22
16,2008,5,107,0.916290731874155,16
16,2008,7,108,1.09861228866811,4
16,2008,2,145,2.07944154167984,8
16,2008,5,139,0.693147180559945,48
16,2008,4,126,0.405465108108164,1
16,2008,4,140,0.693147180559945,1
16,2008,4,124,0.405465108108164,0
16,2008,2,111,1.6094379124341,56
16,2008,7,104,1.70474809223843,0
16,2008,1,123,1.87180217690159,3
16,2008,5,133,0.693147180559945,3
16,2008,7,138,1.09861228866811,16
16,2008,2,127,1.38629436111989,5
16,2008,2,113,1.6094379124341,189
16,2008,5,123,0,1
16,2008,2,125,2.30258509299405,72
16,2008,1,133,1.94591014905531,8
16,2008,7,110,1.38629436111989,9
16,2008,1,119,1.6094379124341,1
16,2008,1,102,1.94591014905531,1
16,2008,7,117,1.38629436111989,64
16,2008,3,135,1.99243016469021,5
16,2008,1,144,2.32727770558442,5
16,2008,7,116,1.09861228866811,135
16,2008,7,134,1.38629436111989,28
16,2008,3,141,1.09861228866811,1
16,2008,7,114,1.71978596960297,35
16,2008,1,130,2.72457950305342,5
16,2008,7,135,1.09861228866811,2
16,2008,5,130,0,7
16,2008,7,131,1.48538526376412,1
16,2008,1,122,1.6094379124341,1
16,2008,3,134,1.70474809223843,1
16,2008,7,141,1.09861228866811,5
16,2008,1,129,2.77258872223978,19
16,2008,6,114,0.693147180559945,7
16,2008,7,111,1.38629436111989,58
16,2008,7,107,1.09861228866811,1
16,2008,4,123,0,0
16,2008,6,111,1.6094379124341,15
16,2008,3,111,1.38629436111989,3
16,2008,3,107,1.65822807660353,118
16,2008,5,142,1.25276296849537,10
16,2008,2,136,1.6094379124341,5
16,2008,1,142,1.50407739677627,1
16,2008,1,121,2.65675690671466,8
16,2008,7,145,1.09861228866811,5
16,2008,5,128,1.09861228866811,16
16,2008,1,126,2.7408400239252,10
16,2008,2,131,2.30258509299405,75
16,2008,5,126,0.405465108108164,5
16,2008,2,117,1.09861228866811,105
16,2008,2,110,2.14006616349627,44
16,2008,1,128,2.7408400239252,20
16,2008,7,113,1.09861228866811,534
16,2008,7,127,1.09861228866811,2
16,2008,3,106,0.693147180559945,13
16,2008,7,125,1.89711998488588,32
16,2008,1,124,2.7408400239252,50
16,2008,3,113,1.79175946922805,2
16,2008,7,112,1.09861228866811,26
16,2008,3,122,1.09861228866811,0
16,2008,1,134,1.71978596960297,4
16,2008,1,114,1.74919985480926,4
16,2008,7,130,2.00372971994414,4
16,2008,5,135,0.693147180559945,3
16,2008,1,117,2.39789527279837,2
16,2008,1,110,2.65675690671466,190
16,2008,2,126,1.87180217690159,30
16,2008,1,131,2.14006616349627,2
16,2008,1,141,2.27726728500976,1
16,2008,7,129,1.6094379124341,10
16,2008,5,114,1.09861228866811,67
16,2008,5,116,0.916290731874155,62
16,2008,3,133,1.38629436111989,2
16,2008,5,138,0,7
16,2008,2,124,2.30258509299405,64
16,2008,7,123,1.20397280432594,27
16,2008,7,133,1.99243016469021,40
16,2008,4,111,1.38629436111989,5
16,2008,1,138,2.14006616349627,45
16,2008,4,112,0.693147180559945,1
16,2008,2,108,1.09861228866811,1
16,2008,4,125,0.693147180559945,1
16,2008,2,121,2.14006616349627,55
16,2008,3,139,1.94591014905531,20
16,2008,6,139,0.693147180559945,12
16,2008,7,139,1.38629436111989,53
16,2008,1,125,2.7408400239252,25
16,2008,1,113,2.46385324059017,16
16,2008,6,124,0,1
16,2008,1,143,2.04769284336526,6
16,2008,1,112,2.58399755243223,18
16,2008,5,113,0.916290731874155,137
16,2008,2,123,2.07944154167984,129
16,2008,5,125,0.693147180559945,0
16,2008,6,128,0.693147180559945,5
16,2008,3,128,1.6094379124341,1
16,2008,1,118,2.60268968544438,4
16,2008,2,130,2.2512917986065,20
16,2008,6,126,1.38629436111989,12
16,2008,5,145,1.09861228866811,2
17,2009,1,132,2.484906649788,32
17,2009,2,109,1.94591014905531,1
17,2009,7,131,1.09861228866811,24
17,2009,7,116,0.916290731874155,15
17,2009,5,132,0.405465108108164,6
17,2009,1,119,1.71978596960297,6
17,2009,5,123,0.693147180559945,5
17,2009,3,130,0.916290731874155,8
17,2009,6,130,0.693147180559945,1
17,2009,1,123,1.88454120267902,15
17,2009,6,134,0.693147180559945,40
17,2009,3,134,2.06897024181254,1
17,2009,7,115,1.6094379124341,16
17,2009,7,144,1.79175946922805,1
17,2009,4,110,0.693147180559945,1
17,2009,4,122,0,1
17,2009,4,108,0.693147180559945,3
17,2009,5,114,0.916290731874155,24
17,2009,2,126,2.19722457733622,37
17,2009,7,125,1.38629436111989,149
17,2009,7,133,1.6094379124341,190
17,2009,1,114,2.72457950305342,46
17,2009,1,135,1.70474809223843,5
17,2009,1,127,1.74919985480926,2
17,2009,3,133,1.38629436111989,1
17,2009,2,120,2.19722457733622,170
17,2009,4,115,0.693147180559945,3
17,2009,7,136,1.38629436111989,7
17,2009,7,141,1.38629436111989,4
17,2009,4,134,1.38629436111989,5
17,2009,5,126,0.693147180559945,38
17,2009,1,120,2.56494935746154,63
17,2009,4,116,0.405465108108164,2
17,2009,2,127,2.19722457733622,8
17,2009,1,126,1.17865499634165,4
17,2009,7,121,1.79175946922805,99
17,2009,5,109,1.09861228866811,8
17,2009,3,113,1.38629436111989,6
17,2009,7,113,1.09861228866811,23
17,2009,4,133,0,1
17,2009,4,125,0,1
17,2009,1,109,2.42036812865043,11
17,2009,7,108,1.50407739677627,20
17,2009,4,107,0.693147180559945,2
17,2009,3,112,1.87180217690159,238
17,2009,6,122,0,47
17,2009,2,123,1.38629436111989,6
17,2009,3,110,1.6094379124341,2
17,2009,2,119,1.09861228866811,2
17,2009,7,124,1.09861228866811,9
17,2009,6,108,0.693147180559945,2
17,2009,7,122,1.09861228866811,249
17,2009,3,114,0.693147180559945,7
17,2009,7,106,1.09861228866811,1
17,2009,1,133,2.51230562397611,54
17,2009,6,114,1.09861228866811,7
17,2009,2,121,2.19722457733622,808
17,2009,4,109,1.38629436111989,1
17,2009,5,125,0.916290731874155,203
17,2009,7,135,0,10
17,2009,7,114,1.09861228866811,8
17,2009,5,133,1.25276296849537,49
17,2009,7,143,1.79175946922805,4
17,2009,1,142,0.693147180559945,1
17,2009,5,115,1.09861228866811,31
17,2009,7,105,0.693147180559945,4
17,2009,2,124,2.19722457733622,45
17,2009,7,119,1.09861228866811,3
17,2009,5,130,1.09861228866811,37
17,2009,2,122,2.19722457733622,123
17,2009,1,134,2.42036812865043,19
17,2009,2,108,2.2512917986065,34
17,2009,6,105,0,4
17,2009,1,115,2.15948424935337,18
17,2009,7,123,1.09861228866811,11
17,2009,2,113,1.79175946922805,142
17,2009,7,132,1.25276296849537,41
17,2009,5,116,0.916290731874155,59
17,2009,1,131,2.7408400239252,59
17,2009,1,116,1.67397643357167,1
17,2009,6,132,1.38629436111989,7
17,2009,1,128,1.09861228866811,1
17,2009,3,132,1.09861228866811,2
17,2009,2,115,2.19722457733622,24
17,2009,5,112,1.38629436111989,228
17,2009,2,144,1.6094379124341,3
17,2009,2,130,1.70474809223843,34
17,2009,2,102,2.10006082888257,5
17,2009,5,108,0.693147180559945,5
17,2009,2,134,1.09861228866811,88
17,2009,1,122,1.50407739677627,4
17,2009,1,124,1.44691898293633,6
17,2009,3,109,0.693147180559945,2
17,2009,7,109,1.09861228866811,71
17,2009,7,120,1.38629436111989,13
17,2009,5,121,1.09861228866811,41
17,2009,4,103,0,4
17,2009,2,125,2.19722457733622,28
17,2009,7,129,1.38629436111989,1
17,2009,1,121,2.31911439494526,85
17,2009,7,126,1.6094379124341,36
17,2009,4,132,0,7
17,2009,1,100,2.52572864430826,24
17,2009,2,133,2.24248116892434,156
17,2009,4,123,0,0
17,2009,6,131,0,2
17,2009,3,131,0.693147180559945,1
17,2009,7,134,1.38629436111989,76
17,2009,1,105,2.54553127160444,6
17,2009,5,105,0.693147180559945,2
17,2009,7,130,1.50407739677627,99
18,2010,5,133,1.25276296849537,558
18,2010,2,114,2.30258509299405,70
18,2010,4,129,0.916290731874155,7
18,2010,4,101,0.405465108108164,1
18,2010,6,115,1.38629436111989,9
18,2010,5,111,1.25276296849537,144
18,2010,7,119,1.09861228866811,6
18,2010,3,126,1.71978596960297,54
18,2010,6,126,0.693147180559945,53
18,2010,2,105,1.38629436111989,1
18,2010,5,134,0.693147180559945,124
18,2010,2,100,2.19722457733622,2
18,2010,7,110,1.09861228866811,3
18,2010,3,112,1.67397643357167,50
18,2010,4,125,0.916290731874155,164
18,2010,7,144,1.09861228866811,4
18,2010,1,134,1.38629436111989,2
18,2010,3,110,1.79175946922805,1
18,2010,4,130,0,2
18,2010,7,137,1.09861228866811,4
18,2010,5,122,0.916290731874155,50
18,2010,1,122,1.94591014905531,876
18,2010,6,113,0,1
18,2010,5,100,0.916290731874155,6
18,2010,4,115,0.693147180559945,3
18,2010,7,113,1.09861228866811,1
18,2010,4,126,0.405465108108164,18
18,2010,7,139,1.09861228866811,3
18,2010,2,107,2.2512917986065,7
18,2010,3,131,1.54044504094715,11
18,2010,7,129,1.79175946922805,256
18,2010,2,122,1.79175946922805,934
18,2010,4,109,0.916290731874155,11
18,2010,3,129,2.14006616349627,91
18,2010,7,106,1.09861228866811,33
18,2010,6,129,1.09861228866811,127
18,2010,2,133,2.19722457733622,235
18,2010,5,114,1.25276296849537,109
18,2010,3,130,1.17865499634165,8
18,2010,1,114,2.56494935746154,118
18,2010,2,128,2.30258509299405,645
18,2010,7,136,1.6094379124341,29
18,2010,4,137,0,1
18,2010,7,130,1.09861228866811,33
18,2010,7,121,1.38629436111989,3
18,2010,5,143,0.693147180559945,3
18,2010,1,124,0.810930216216329,59
18,2010,7,108,2.00372971994414,31
18,2010,1,143,1.25276296849537,1
18,2010,2,142,1.79175946922805,1
18,2010,4,110,0.693147180559945,1
18,2010,2,117,1.38629436111989,25
18,2010,6,125,1.79175946922805,460
18,2010,3,125,1.94591014905531,162
18,2010,4,112,0.693147180559945,1
18,2010,6,122,1.09861228866811,33
18,2010,2,106,1.94591014905531,25
18,2010,7,120,1.6094379124341,6
18,2010,4,102,0.405465108108164,1
18,2010,7,122,1.38629436111989,49
18,2010,2,129,1.50407739677627,99
18,2010,6,134,0.693147180559945,67
18,2010,4,143,1.20397280432594,5
18,2010,3,127,1.96944064646551,196
18,2010,5,144,0.405465108108164,15
18,2010,7,134,1.6094379124341,73
18,2010,5,132,1.38629436111989,433
18,2010,4,124,0.693147180559945,296
18,2010,5,110,0.405465108108164,1
18,2010,3,111,1.71978596960297,1
18,2010,5,115,1.25276296849537,3
18,2010,7,142,1.6094379124341,3
18,2010,1,126,1.25276296849537,8
18,2010,7,117,1.09861228866811,5
18,2010,5,126,1.09861228866811,150
18,2010,3,117,1.09861228866811,7
18,2010,2,125,2.30258509299405,70
18,2010,5,104,0.693147180559945,3
18,2010,1,115,1.90954250488444,11
18,2010,3,133,1.17865499634165,13
18,2010,1,109,1.94591014905531,3
18,2010,2,130,1.70474809223843,86
18,2010,2,121,2.2512917986065,89
18,2010,6,128,0.693147180559945,188
18,2010,7,133,1.84582669049833,552
18,2010,4,116,0.405465108108164,540
18,2010,3,128,0.847297860387204,21
18,2010,7,124,1.85889877206568,499
18,2010,2,115,1.70474809223843,4
18,2010,5,108,1.38629436111989,1
18,2010,4,127,0.405465108108164,7
18,2010,6,124,0.693147180559945,100
18,2010,3,124,1.79175946922805,457
18,2010,2,119,1.09861228866811,41
18,2010,5,125,0,5
18,2010,7,143,1.54044504094715,1
18,2010,7,102,1.09861228866811,8
18,2010,3,114,1.38629436111989,75
18,2010,5,136,0.693147180559945,1
18,2010,7,114,1.09861228866811,46
18,2010,1,129,1.25276296849537,44
18,2010,1,131,0.916290731874155,10
18,2010,4,128,0.693147180559945,113
18,2010,7,135,1.38629436111989,25
18,2010,5,139,0.693147180559945,7
18,2010,4,111,0.916290731874155,10
18,2010,7,105,1.09861228866811,3
18,2010,2,132,2.30258509299405,449
18,2010,1,113,2.37490575457367,3
18,2010,5,140,1.25276296849537,19
18,2010,4,142,0,1
18,2010,7,100,1.87180217690159,10
18,2010,4,131,0.693147180559945,9
18,2010,4,106,0.693147180559945,21
18,2010,7,109,1.09861228866811,10
18,2010,5,138,0.693147180559945,54
18,2010,7,126,1.88454120267902,405
18,2010,7,115,1.55814461804655,125
18,2010,5,117,0.916290731874155,1
18,2010,7,112,1.09861228866811,172
18,2010,5,127,0.405465108108164,126
19,2011,3,118,1.38629436111989,235
19,2011,3,123,0.693147180559945,37
19,2011,6,123,0.693147180559945,232
19,2011,6,114,1.38629436111989,2
19,2011,1,121,2.63308716262875,393
19,2011,5,102,0.405465108108164,1
19,2011,1,115,1.81915844341617,2
19,2011,5,115,1.09861228866811,1
19,2011,6,117,0.693147180559945,5
19,2011,3,117,1.6094379124341,50
19,2011,6,127,0.693147180559945,5
19,2011,1,122,2.7408400239252,771
19,2011,7,107,1.70474809223843,4
19,2011,7,116,1.09861228866811,4
19,2011,7,100,1.6094379124341,10
19,2011,7,124,1.09861228866811,623
19,2011,7,135,1.38629436111989,35
19,2011,7,130,1.09861228866811,4
19,2011,2,125,2.19722457733622,76
19,2011,1,120,2.52572864430826,346
19,2011,6,113,1.6094379124341,2
19,2011,5,120,1.38629436111989,1082
19,2011,3,130,0,7
19,2011,6,135,1.09861228866811,18
19,2011,7,113,1.79175946922805,16
19,2011,7,128,1.09861228866811,15
19,2011,7,131,1.09861228866811,44
19,2011,4,123,0,29
19,2011,5,140,0.693147180559945,7
19,2011,5,119,1.50407739677627,3325
19,2011,1,119,-0.182321556793955,16
19,2011,2,121,1.09861228866811,2212
19,2011,4,127,0,3
19,2011,7,126,1.48538526376412,11
19,2011,2,128,1.79175946922805,3
19,2011,5,100,0.693147180559945,2
19,2011,7,122,1.09861228866811,874
19,2011,1,100,2.01490302054226,1
19,2011,3,122,1.09861228866811,169
19,2011,6,122,0.693147180559945,137
19,2011,7,115,1.59263079411772,9
19,2011,1,127,2.73544917529032,7
19,2011,7,102,1.09861228866811,5
19,2011,1,108,2.62103882411258,4
19,2011,7,125,1.79175946922805,294
19,2011,6,121,2.19722457733622,2531
19,2011,3,121,1.89711998488588,162
19,2011,2,126,2.19722457733622,22
19,2011,7,121,1.83258146374831,3628
19,2011,1,123,1.94591014905531,164
19,2011,5,123,0.693147180559945,303
19,2011,5,144,0,2
19,2011,7,134,1.50407739677627,49
19,2011,7,111,1.09861228866811,2
19,2011,1,110,2.07944154167984,15
19,2011,1,126,2.30258509299405,18
19,2011,5,110,0.405465108108164,1
19,2011,2,114,1.94591014905531,7
19,2011,6,119,2.484906649788,591
19,2011,5,143,0.916290731874155,26
19,2011,2,123,1.38629436111989,309
19,2011,4,122,0,60
19,2011,7,119,1.44691898293633,2480
19,2011,5,145,0.693147180559945,2
19,2011,7,120,1.84582669049833,3017
19,2011,1,124,2.07944154167984,100
19,2011,2,127,2.2512917986065,14
19,2011,5,124,0.916290731874155,748
19,2011,5,135,0,13
19,2011,1,113,1.87180217690159,1
19,2011,5,130,0,10
19,2011,6,120,3.13549421592915,1889
19,2011,2,119,1.87180217690159,2518
19,2011,4,128,0,2
19,2011,7,112,1.64222773525709,97
19,2011,7,118,1.09861228866811,350
19,2011,4,135,0,11
19,2011,7,127,1.70474809223843,16
19,2011,2,120,2.2512917986065,3446
19,2011,1,125,2.65675690671466,119
20,2012,1,139,2.19722457733622,9
20,2012,5,106,0.405465108108164,4
20,2012,5,139,0.916290731874155,13
20,2012,5,120,0.693147180559945,1388
20,2012,6,126,1.94591014905531,146
20,2012,5,115,0.916290731874155,22
20,2012,3,126,1.62596721438531,63
20,2012,1,120,2.39789527279837,211
20,2012,1,138,1.79175946922805,1
20,2012,1,125,0,5
20,2012,5,122,0.405465108108164,54
20,2012,1,122,2.19722457733622,28
20,2012,7,141,0.510825623765991,2
20,2012,3,121,0.693147180559945,2
20,2012,6,121,1.38629436111989,2
20,2012,3,118,1.17865499634165,0
20,2012,7,104,1.09861228866811,5
20,2012,7,118,0.693147180559945,0
20,2012,7,121,1.09861228866811,134
20,2012,7,133,1.70474809223843,63
20,2012,3,119,1.65822807660353,20
20,2012,5,105,0.916290731874155,2
20,2012,6,119,0.693147180559945,39
20,2012,7,119,1.94591014905531,296
20,2012,2,138,2.2512917986065,1
20,2012,5,123,1.09861228866811,216
20,2012,2,139,2.2512917986065,9
20,2012,1,128,2.60268968544438,91
20,2012,1,127,2.2512917986065,63
20,2012,2,120,2.19722457733622,2242
20,2012,5,140,1.25276296849537,8
20,2012,5,108,0,1
20,2012,7,113,1.6094379124341,452
20,2012,5,127,0.693147180559945,233
20,2012,2,119,1.70474809223843,193
20,2012,7,138,1.09861228866811,16
20,2012,7,145,1.09861228866811,4
20,2012,6,122,0.693147180559945,723
20,2012,5,144,0.693147180559945,4
20,2012,3,138,1.12601126285622,0
20,2012,7,122,1.09861228866811,130
20,2012,2,133,2.2512917986065,5
20,2012,2,121,1.70474809223843,23
20,2012,5,124,0.693147180559945,387
20,2012,4,127,0.810930216216329,19
20,2012,6,120,2.19722457733622,827
20,2012,3,120,1.27629346590556,288
20,2012,2,113,0.916290731874155,2
20,2012,7,137,1.09861228866811,1
20,2012,5,126,0.693147180559945,186
20,2012,7,120,1.89711998488588,3593
20,2012,1,126,1.09861228866811,54
20,2012,6,134,0,1
20,2012,7,139,0.510825623765991,4
20,2012,7,106,1.6094379124341,8
20,2012,7,134,1.09861228866811,0
20,2012,6,106,0.693147180559945,1
20,2012,5,113,0.693147180559945,380
20,2012,7,127,1.65822807660353,311
20,2012,2,126,2.2512917986065,195
20,2012,7,128,1.09861228866811,296
20,2012,7,132,1.09861228866811,0
20,2012,6,127,1.09861228866811,65
20,2012,7,140,1.38629436111989,6
20,2012,6,128,1.09861228866811,119
20,2012,3,127,0.882389180198474,35
20,2012,7,123,1.09861228866811,202
20,2012,3,123,0,3
20,2012,2,141,1.50407739677627,1
20,2012,5,119,0.405465108108164,19
20,2012,4,106,1.38629436111989,6
20,2012,1,119,1.01160091167848,8
20,2012,5,133,0.916290731874155,9
20,2012,5,121,1.09861228866811,42
20,2012,1,121,2.50552593699074,9
20,2012,5,104,1.09861228866811,18
20,2012,1,116,2.14006616349627,1
20,2012,7,143,1.09861228866811,15
20,2012,7,126,1.30381813929565,263
20,2012,5,137,0.693147180559945,1
21,2013,3,127,1.09861228866811,9
21,2013,6,127,0.693147180559945,54
21,2013,7,114,1.09861228866811,1
21,2013,4,117,0,46
21,2013,5,143,0,5
21,2013,2,123,2.30258509299405,751
21,2013,1,126,2.11021320034659,71
21,2013,2,118,1.6094379124341,74
21,2013,5,129,0.693147180559945,4
21,2013,4,124,0,3
21,2013,7,132,1.55814461804655,11
21,2013,1,121,1.94591014905531,17
21,2013,2,120,1.6094379124341,9
21,2013,5,142,0,1
21,2013,6,132,0.693147180559945,9
21,2013,7,145,1.09861228866811,26
21,2013,1,118,1.46633706879343,35
21,2013,6,117,0.405465108108164,195
21,2013,3,117,0,1
21,2013,2,126,2.30258509299405,369
21,2013,5,123,0.693147180559945,155
21,2013,7,117,1.09861228866811,365
21,2013,1,123,1.50407739677627,12
21,2013,4,127,0.693147180559945,19
21,2013,2,129,2.30258509299405,1
21,2013,1,120,1.38629436111989,20
21,2013,7,104,1.38629436111989,2
21,2013,5,120,1.25276296849537,54
21,2013,4,145,0,3
21,2013,5,131,-0.405465108108164,1
21,2013,5,111,0.693147180559945,6
21,2013,4,132,0.693147180559945,4
21,2013,7,124,1.09861228866811,17
21,2013,1,111,1.46633706879343,6
21,2013,2,122,1.09861228866811,6
21,2013,5,145,0,1
21,2013,2,125,1.6094379124341,14
21,2013,4,110,0.693147180559945,37
21,2013,6,121,1.09861228866811,7
21,2013,3,121,0.773189888233482,2
21,2013,7,142,1.09861228866811,3
21,2013,7,129,1.38629436111989,30
21,2013,7,121,1.09861228866811,5
21,2013,2,128,1.94591014905531,412
21,2013,2,117,2.30258509299405,447
21,2013,7,126,1.09861228866811,25
21,2013,2,124,2.30258509299405,102
21,2013,5,116,0.693147180559945,79
21,2013,5,127,0.693147180559945,156
21,2013,7,122,1.09861228866811,24
21,2013,7,137,1.09861228866811,2
21,2013,1,127,1.94591014905531,99
21,2013,3,122,1.85889877206568,26
21,2013,6,122,1.87180217690159,171
21,2013,4,120,0.405465108108164,47
21,2013,4,141,0,1
21,2013,5,124,0.693147180559945,243
21,2013,2,116,1.38629436111989,127
21,2013,2,127,2.30258509299405,335
21,2013,6,111,0.916290731874155,9
21,2013,7,110,1.09861228866811,29
21,2013,7,111,1.38629436111989,40
21,2013,7,120,1.34373474670109,44
21,2013,2,145,1.09861228866811,28
21,2013,6,120,0,20
21,2013,4,122,0,26
21,2013,3,120,0.693147180559945,1
21,2013,7,105,1.09861228866811,0
21,2013,5,128,0.693147180559945,497
21,2013,6,123,0.916290731874155,16
21,2013,7,118,1.54044504094715,192
21,2013,3,123,0.693147180559945,10
21,2013,7,134,1.09861228866811,2
21,2013,7,123,1.09861228866811,43
21,2013,3,118,1.09861228866811,11
21,2013,1,128,0.980829253011726,4
21,2013,1,117,1.79175946922805,20
21,2013,2,110,2.30258509299405,67
21,2013,1,122,2.54553127160444,598
21,2013,2,131,2.30258509299405,12
21,2013,2,111,1.6094379124341,17
21,2013,5,122,0.693147180559945,9
21,2013,7,127,1.09861228866811,232
21,2013,4,128,0,5
21,2013,5,103,0.916290731874155,7
22,2014,4,121,0,12
22,2014,7,125,1.09861228866811,32
22,2014,5,106,0.693147180559945,32
22,2014,6,116,0.693147180559945,1
22,2014,2,110,2.30258509299405,227
22,2014,5,115,-0.693147180559945,25
22,2014,7,127,1.38629436111989,3
22,2014,5,103,1.09861228866811,15
22,2014,1,115,2.52572864430826,17
22,2014,4,124,0,1
22,2014,1,118,2.03688192726104,3
22,2014,6,122,1.50407739677627,108
22,2014,5,131,0,1
22,2014,3,122,1.12601126285622,51
22,2014,2,109,2.30258509299405,221
22,2014,7,122,1.38629436111989,247
22,2014,7,123,1.94591014905531,576
22,2014,7,104,1.09861228866811,1
22,2014,6,123,2.484906649788,697
22,2014,3,123,1.32175583998232,285
22,2014,6,111,1.09861228866811,18
22,2014,1,109,2.14006616349627,12
22,2014,7,139,1.09861228866811,1
22,2014,5,109,0.693147180559945,42
22,2014,7,111,1.36524095192206,131
22,2014,4,122,0.693147180559945,16
22,2014,7,124,1.20397280432594,273
22,2014,7,138,1.38629436111989,2
22,2014,7,113,1.38629436111989,27
22,2014,5,110,0.693147180559945,68
22,2014,1,110,2.60268968544438,41
22,2014,7,117,1.09861228866811,212
22,2014,7,118,1.09861228866811,4
22,2014,2,111,1.25276296849537,12
22,2014,5,122,0.693147180559945,90
22,2014,7,112,1.09861228866811,1
22,2014,4,110,0.405465108108164,5
22,2014,7,133,1.09861228866811,1
22,2014,4,108,0,18
22,2014,7,100,0,14
22,2014,5,127,0.693147180559945,5
22,2014,2,123,2.30258509299405,239
22,2014,2,113,1.38629436111989,4
22,2014,1,116,1.70474809223843,4
22,2014,2,124,2.39789527279837,206
22,2014,1,125,2.75684036527164,40
22,2014,7,106,1.09861228866811,33
22,2014,1,126,0.916290731874155,1
22,2014,4,109,1.38629436111989,3
22,2014,7,145,1.09861228866811,1
22,2014,5,117,0.405465108108164,7
22,2014,2,116,2.39789527279837,291
22,2014,3,110,0.405465108108164,9
22,2014,1,138,2.60268968544438,1
22,2014,1,140,2.00372971994414,1
22,2014,5,105,0,10
22,2014,6,110,1.09861228866811,33
22,2014,4,135,0,1
22,2014,7,110,1.09861228866811,182
22,2014,5,124,0.693147180559945,257
22,2014,2,125,2.30258509299405,56
22,2014,1,124,2.53237318702692,8
22,2014,7,109,1.15267950993839,99
22,2014,5,111,1.25276296849537,189
22,2014,4,106,0,4
22,2014,6,109,0.693147180559945,2
22,2014,3,109,1.20397280432594,31
22,2014,1,111,2.4423470353692,29
22,2014,1,139,2.6149597780362,2
22,2014,5,134,0,1
22,2014,1,123,1.36524095192206,38
22,2014,7,116,1.09861228866811,18
22,2014,4,123,0.693147180559945,284
22,2014,4,105,0,24
23,2015,7,121,1.09861228866811,52
23,2015,6,123,1.79175946922805,34
23,2015,2,110,1.50407739677627,21
23,2015,7,135,1.38629436111989,12
23,2015,5,127,0.405465108108164,2
23,2015,4,111,0,12
23,2015,5,122,0.405465108108164,999
23,2015,1,122,2.30258509299405,485
23,2015,7,133,1.09861228866811,27
23,2015,2,117,2.30258509299405,727
23,2015,7,105,1.09861228866811,3
23,2015,5,145,0.693147180559945,9
23,2015,4,113,0,1
23,2015,7,109,1.38629436111989,7
23,2015,3,108,1.09861228866811,36
23,2015,6,108,1.79175946922805,27
23,2015,2,122,2.30258509299405,1468
23,2015,4,121,0.693147180559945,4
23,2015,4,123,0.693147180559945,1
23,2015,5,117,0.693147180559945,209
23,2015,7,113,1.09861228866811,8
23,2015,5,119,0.405465108108164,6
23,2015,1,110,1.83258146374831,6
23,2015,6,114,0.693147180559945,2
23,2015,5,112,0.693147180559945,57
23,2015,7,118,1.09861228866811,19
23,2015,7,111,1.09861228866811,114
23,2015,2,134,2.30258509299405,9
23,2015,7,145,1.79175946922805,1
23,2015,2,108,2.30258509299405,8
23,2015,5,133,0.693147180559945,1
23,2015,7,122,1.09861228866811,1236
23,2015,4,112,0,4
23,2015,2,118,1.38629436111989,87
23,2015,7,124,1.38629436111989,0
23,2015,2,114,1.50407739677627,16
23,2015,7,127,1.09861228866811,21
23,2015,1,123,2.19722457733622,20
23,2015,3,107,1.48538526376412,1
23,2015,5,123,0.916290731874155,266
23,2015,4,117,0.693147180559945,19
23,2015,5,116,1.50407739677627,97
23,2015,7,112,1.09861228866811,110
23,2015,5,111,0.693147180559945,135
23,2015,2,135,2.30258509299405,80
23,2015,2,116,1.6094379124341,5
23,2015,5,102,1.6094379124341,5
23,2015,2,105,1.38629436111989,1
23,2015,3,117,0.810930216216329,1
23,2015,5,134,0,4
23,2015,7,117,1.09861228866811,327
23,2015,7,140,1.09861228866811,1
23,2015,1,134,2.23359222150709,4
23,2015,5,108,0.916290731874155,25
23,2015,5,109,0.916290731874155,3
23,2015,7,141,1.09861228866811,1
23,2015,7,116,1.09861228866811,7
23,2015,7,123,1.09861228866811,134
23,2015,1,107,1.6094379124341,1
23,2015,2,112,1.50407739677627,37
23,2015,5,107,0.693147180559945,6
24,2016,5,113,0.916290731874155,792
24,2016,2,132,1.38629436111989,9
24,2016,3,135,1.22866541691631,2
24,2016,5,129,1.09861228866811,61
24,2016,1,127,2.80336038090653,17
24,2016,7,115,1.6094379124341,1285
24,2016,2,114,2.30258509299405,1028
24,2016,1,129,2.49869997192034,6
24,2016,5,127,1.09861228866811,56
24,2016,7,145,1.09861228866811,1
24,2016,2,142,2.30258509299405,0
24,2016,7,133,1.09861228866811,4
24,2016,1,128,2.63905732961526,5
24,2016,4,122,1.09861228866811,49
24,2016,1,126,2.80336038090653,4
24,2016,7,102,1.38629436111989,13
24,2016,4,111,0,7
24,2016,3,133,1.09861228866811,17
24,2016,5,136,1.09861228866811,45
24,2016,7,118,1.20397280432594,377
24,2016,2,140,1.6094379124341,1
24,2016,5,108,1.09861228866811,18
24,2016,5,131,0.693147180559945,27
24,2016,6,118,1.70474809223843,564
24,2016,3,118,1.25276296849537,107
24,2016,5,117,1.09861228866811,130
24,2016,2,126,2.30258509299405,52
24,2016,2,128,2.30258509299405,28
24,2016,1,130,2.4423470353692,1
24,2016,5,124,0.693147180559945,28
24,2016,5,137,1.09861228866811,13
24,2016,7,121,1.22866541691631,99
24,2016,2,113,1.38629436111989,56
24,2016,1,112,2.4423470353692,72
24,2016,5,110,0.916290731874155,252
24,2016,3,120,0.405465108108164,19
24,2016,7,111,1.09861228866811,35
24,2016,1,132,2.42036812865043,2
24,2016,6,121,1.70474809223843,51
24,2016,7,138,1.09861228866811,2
24,2016,4,133,0.693147180559945,2
24,2016,5,132,1.09861228866811,46
24,2016,3,122,0,53
24,2016,5,112,-0.693147180559945,15
24,2016,2,116,1.09861228866811,7
24,2016,6,122,1.25276296849537,57
24,2016,5,114,1.09861228866811,2131
24,2016,2,100,2.30258509299405,1
24,2016,5,134,1.09861228866811,27
24,2016,2,127,2.30258509299405,42
24,2016,1,133,1.27629346590556,1
24,2016,1,102,2.60268968544438,4
24,2016,7,126,1.09861228866811,6
24,2016,4,114,1.09861228866811,93
24,2016,4,123,0.405465108108164,0
24,2016,2,118,1.38629436111989,72
24,2016,7,127,1.09861228866811,12
24,2016,4,136,1.01160091167848,6
24,2016,7,129,1.09861228866811,2
24,2016,4,130,0.693147180559945,9
24,2016,7,116,1.09861228866811,11
24,2016,4,117,0,92
24,2016,5,135,0.405465108108164,1
24,2016,2,121,2.19722457733622,410
24,2016,3,116,1.49290409617815,194
24,2016,2,111,1.6094379124341,5
24,2016,3,114,0.693147180559945,3
24,2016,3,134,2.07944154167984,9
24,2016,2,115,1.52242653544447,150
24,2016,7,123,1.09861228866811,2
24,2016,7,134,1.38629436111989,16
24,2016,7,114,1.38629436111989,1992
24,2016,1,122,1.25276296849537,3
24,2016,7,112,1.38629436111989,17
24,2016,1,121,1.38629436111989,1
24,2016,2,135,2.30258509299405,18
24,2016,5,121,1.71978596960297,576
24,2016,5,122,0.916290731874155,470
24,2016,5,111,0.916290731874155,134
24,2016,3,117,1.38629436111989,194
24,2016,7,124,1.09861228866811,39
24,2016,7,137,1.6094379124341,8
24,2016,4,113,0.693147180559945,49
24,2016,1,101,2.35137525716348,4
24,2016,5,119,1.09861228866811,2285
24,2016,7,130,1.09861228866811,14
24,2016,5,104,0.916290731874155,25
24,2016,7,136,1.09861228866811,38
24,2016,7,108,1.39459316393459,59
24,2016,5,118,0.916290731874155,241
24,2016,2,107,2.30258509299405,60
24,2016,7,109,1.09861228866811,3
24,2016,5,116,1.09861228866811,282
24,2016,2,134,1.6094379124341,3
24,2016,3,115,0.405465108108164,100
24,2016,4,118,1.09861228866811,284
25,2017,4,115,0,5
25,2017,2,126,2.19722457733622,59
25,2017,7,109,1.09861228866811,27
25,2017,1,142,2.17095665051561,2
25,2017,6,107,0.916290731874155,161
25,2017,3,107,0.693147180559945,25
25,2017,7,124,1.38629436111989,55
25,2017,4,131,0,1
25,2017,5,101,0.693147180559945,8
25,2017,7,108,1.09861228866811,772
25,2017,5,111,0.405465108108164,43
25,2017,5,102,0.693147180559945,37
25,2017,5,129,0.916290731874155,24
25,2017,2,121,0.916290731874155,98
25,2017,2,118,1.25276296849537,5
25,2017,5,123,0.693147180559945,34
25,2017,7,145,1.09861228866811,1
25,2017,7,131,1.09861228866811,4
25,2017,6,112,1.79175946922805,233
25,2017,4,128,0.693147180559945,6
25,2017,3,131,1.09861228866811,2
25,2017,7,112,1.6094379124341,892
25,2017,2,102,1.09861228866811,1
25,2017,5,122,0.916290731874155,142
25,2017,1,120,3.27714473299218,55
25,2017,2,129,2.19722457733622,97
25,2017,1,118,1.50407739677627,34
25,2017,7,116,1.09861228866811,136
25,2017,2,123,1.38629436111989,147
25,2017,7,105,1.38629436111989,375
25,2017,4,107,0.693147180559945,2
25,2017,1,121,2.12026353620009,14
25,2017,7,117,1.09861228866811,249
25,2017,3,115,0.405465108108164,1
25,2017,7,134,1.09861228866811,0
25,2017,1,126,2.83321334405622,14
25,2017,2,125,1.38629436111989,46
25,2017,1,119,2.63905732961526,20
25,2017,4,108,0.693147180559945,14
25,2017,1,113,1.65822807660353,2
25,2017,4,127,0.916290731874155,2
25,2017,2,105,2.19722457733622,251
25,2017,7,123,1.09861228866811,90
25,2017,3,129,1.6094379124341,4
25,2017,3,123,1.32175583998232,8
25,2017,6,123,1.09861228866811,55
25,2017,4,126,0.693147180559945,11
25,2017,7,129,1.09861228866811,15
25,2017,2,116,0.916290731874155,23
25,2017,2,112,2.19722457733622,478
25,2017,7,111,1.09861228866811,179
25,2017,7,102,1.09861228866811,12
25,2017,1,127,1.70474809223843,24
25,2017,5,108,0.693147180559945,498
25,2017,5,127,0.693147180559945,62
25,2017,4,113,0.773189888233482,7
25,2017,2,130,2.19722457733622,1
25,2017,1,124,1.50407739677627,2
25,2017,5,124,0.693147180559945,25
25,2017,5,109,0.693147180559945,59
25,2017,6,125,1.38629436111989,62
25,2017,3,125,1.55814461804655,33
25,2017,4,120,0.693147180559945,22
25,2017,4,118,0,112
25,2017,7,125,1.09861228866811,69
25,2017,5,107,1.09861228866811,2428
25,2017,1,109,1.6094379124341,5
25,2017,7,100,1.09861228866811,35
25,2017,7,113,1.09861228866811,44
25,2017,5,130,0.693147180559945,14
25,2017,6,106,0.693147180559945,19
25,2017,7,119,1.09861228866811,11
25,2017,7,106,1.6094379124341,789
25,2017,2,128,2.19722457733622,110
25,2017,7,126,1.09861228866811,24
25,2017,2,109,1.38629436111989,1
25,2017,3,126,0.847297860387204,1
25,2017,6,126,0.693147180559945,26
25,2017,5,105,0.916290731874155,409
25,2017,4,125,1.6094379124341,29
25,2017,7,120,1.09861228866811,52
25,2017,6,118,1.94591014905531,358
25,2017,6,120,0.693147180559945,106
25,2017,1,117,0.916290731874155,1
25,2017,3,120,0,2
25,2017,7,122,1.09861228866811,33
25,2017,1,131,2.75684036527164,15
25,2017,5,104,0.693147180559945,17
25,2017,1,112,1.6094379124341,11
25,2017,2,127,2.19722457733622,130
25,2017,6,109,1.09861228866811,2
25,2017,3,109,0.693147180559945,44
25,2017,4,117,0.693147180559945,85
25,2017,7,107,1.38629436111989,2846
25,2017,5,125,1.09861228866811,64
25,2017,4,116,0,6
25,2017,1,125,2.77258872223978,32
25,2017,5,103,0.693147180559945,14
25,2017,4,112,0,9
25,2017,7,128,1.09861228866811,16
25,2017,3,124,1.32175583998232,11
25,2017,6,124,0.693147180559945,5
25,2017,2,119,2.19722457733622,314
25,2017,7,127,1.09861228866811,99
25,2017,3,108,1.50407739677627,22
